x,y,z,rx,ry,rz
418.36076450212204,-40.91819129565195,250.79412214911528,89.99993699994184,6.652522424186666e-05,179.99994632812084
418.36076450212204,-40.91819129565195,250.79412214911528,89.99993699994184,6.652522424186666e-05,179.99994632812084
418.36076450212204,-40.91819129565195,250.79412214911528,89.99993699994184,6.652522424186666e-05,179.99994632812084
418.36076450212204,-40.91819129565195,250.79412214911528,89.99993699994184,6.652522424186666e-05,179.99994632812084
418.36076450212204,-40.91819129565195,250.79412214911528,89.99993699994184,6.652522424186666e-05,179.99994632812084
418.36076450212204,-40.91819129565195,250.79412214911528,89.99993699994184,6.652522424186666e-05,179.99994632812084
418.36076450212204,-40.91819129565195,250.79412214911528,89.99993699994184,6.652522424186666e-05,179.99994632812084
418.36076450212204,-40.91819129565195,250.79412214911528,89.99993699994184,6.652522424186666e-05,179.99994632812084
418.36076450212204,-40.91819129565195,250.79412214911528,89.99993699994184,6.652522424186666e-05,179.99994632812084
418.36076450212204,-40.91819129565195,250.79412214911528,89.99993699994184,6.652522424186666e-05,179.99994632812084
418.36076450212204,-40.91819129565195,250.79412214911528,89.99993699994184,6.652522424186666e-05,179.99994632812084
418.36076450212204,-40.91819129565195,250.79412214911528,89.99993699994184,6.652522424186666e-05,179.99994632812084
418.36076450212204,-40.91819129565195,250.79412214911528,89.99993699994184,6.652522424186666e-05,179.99994632812084
418.36076450212204,-40.91819129565195,250.79412214911528,89.99993699994184,6.652522424186666e-05,179.99994632812084
418.3606073686756,-40.91823015066878,250.7940856688168,89.99993699995396,6.345048631565144e-05,179.99995948846507
412.29401148027546,-39.460235198204025,250.96552085882269,89.99979975194304,-0.05965717321471473,180.1438441661122
403.05724221325977,-36.802957885642506,252.51090516560325,89.9997440410486,-0.04927359683145384,180.11823308723112
398.5564648841326,-35.4878032294746,253.16376735067547,89.99971516647405,-0.0441500331285505,180.10574717561394
394.0633953035639,-34.16166147954498,253.74988413379344,89.99968518529641,-0.038992047320130716,180.09327568242176
384.8904901684385,-31.413346721038355,254.742140975724,89.9996203032279,-0.02832318200810512,180.06778410279762
380.4255040762222,-30.055781034815947,255.1254094321563,89.99958689219585,-0.02306047845545415,180.05535698980447
375.97123000780897,-28.688592540614206,255.44233435337205,89.99955233710288,-0.017763476442765283,180.0429445826844
371.5284025147252,-27.31212709798017,255.69303742559472,89.99951662882715,-0.012432206853993268,180.03054695229977
367.09775290257346,-25.926733944859887,255.87764917768507,89.99947975829978,-0.007066700706076575,180.01816416945098
362.6800091315833,-24.532765642459985,255.996308962649,89.99944171650509,-0.001666989148803897,180.00579630487675
358.2758957177477,-23.130578019429795,256.04916493805894,89.99940249448078,0.0037668965353682723,179.9934434292535
353.8861336345473,-21.720530115372497,256.03637404540393,89.99936208331819,0.009234924931342177,179.98110561319533
349.51144021527494,-20.30298412369042,255.95810198835605,89.99932047416254,0.014737064491623932,179.9687829272537
344.9453676190778,-18.81029182955193,255.8060602424162,89.99927558910781,0.02053776252877874,179.9558897515396
336.27936665548344,-15.940404136682844,255.31754038765064,89.99918618528369,0.03171555121097797,179.9313221255646
331.9729148382848,-14.496271534536145,254.97609784341563,89.9991396377702,0.03735543477566095,179.91906139998525
327.4813880502164,-12.977345260132367,254.5492068019115,89.99908954159218,0.04330029706712722,179.90623344044215
319.16811100399366,-10.13165350906915,253.56558022318742,89.9989925100355,0.05447865540070805,179.88237241546716
315.1411672248925,-8.737142619119577,252.99736052821493,89.99894342854047,0.05997835358186075,179.8707545692348
310.73391310142085,-7.198891878381677,252.30569890313888,89.99888810266775,0.06606345232643067,179.85799145350944
306.5775720585263,-5.739536253053411,251.48353490043985,89.9988554401806,0.06363897462531753,179.86396967538585
304.15021745935076,-5.061040717073451,250.38216386861046,89.99889986089644,0.003129807808241418,179.99696251788447
303.96438405572593,-5.143338499513528,250.6238785228504,89.9995216597153,0.0012446715267751863,179.99903737546381
303.835296823338,-5.21436353878637,250.79287750236884,89.99997999995887,5.4211365699397244e-05,179.9999489497524
303.8290977676979,-5.268210682373379,250.79592187275534,89.9999440000468,1.3612892852676136e-05,180.00009279451237
303.71956908416587,-5.247704838682558,250.79525172856964,90.00005742657747,9.509441510520755e-05,179.9997491412554
303.7677660493307,-5.200657947260271,250.80549920782676,90.0000399999681,-5.860279684681939e-05,180.00002703168784
303.8142123525843,-5.2444507861668646,250.8111513190887,89.99998334733755,0.000213315694399238,179.99953612670922
303.83967903696293,-5.304359790551507,250.79993555544377,89.99993200001798,4.8052416500434504e-05,180.00003195254791
303.7260926515293,-5.217386495093812,250.79502913318012,89.99999500169694,0.0002606355001377176,179.99948585850984
303.7271476587832,-5.210752937190923,250.79450322519165,89.99999599984663,8.97789331040667e-05,179.99980997100897
303.76532517914603,-5.148306224328181,250.8046292708332,90.00004999997424,-6.121123351454155e-05,180.00001594317393
303.7898216178084,-5.198958293946916,250.80522906705832,89.99993400003507,-4.854300823172635e-06,180.0001034073632
303.79815754863665,-5.2176917953711,250.80543572785396,89.99993362611681,6.865682216749884e-05,179.99996644335158
303.79007932480533,-5.3182981731066805,250.79619914060842,89.99994699998264,5.837372120575048e-05,179.99999268502972
303.761968797196,-5.309274477295206,250.7947701215073,89.99996443101672,7.872409212605802e-05,179.99992023268447
303.7355271115036,-5.300840514988946,250.79289192976216,89.9999809999597,5.3324594946042864e-05,179.99994855597666
303.7324639397774,-5.234843842686552,250.79939090375132,90.00007100002273,-4.646130922558307e-05,179.9999621800783
303.7260220554619,-5.249755108702679,250.79977613483612,89.99998105049667,3.221212720064345e-05,179.99994612252652
303.75771484007896,-5.242722679061143,250.80576539498978,90.00003899996527,-5.985790127731106e-05,180.00002974948086
303.7628740715898,-5.191224869505185,250.80324019314716,90.00005899998794,-5.950590989326493e-05,180.0000002154501
303.75701048894837,-5.224179460115415,250.79980507852795,89.99992800002684,3.77208526591284e-05,180.00004494994783
303.7579959569445,-5.233644001989008,250.79962370413062,89.9999280857836,5.33001427161308e-05,180.00002563884573
303.7792537154184,-5.348697203746017,250.80228648530516,89.99992700003412,3.803022688013717e-05,180.00005377454568
303.79568323272645,-5.319159757155931,250.80431732718088,90.00005300003211,-2.956392745961058e-05,179.9999430070087
303.79049499188955,-5.324946946106749,250.79777991212288,89.99993699999831,5.6734514936233033e-05,180.00001063931305
303.7959929712534,-5.309563378286714,250.7994172102755,90.00007292377742,-6.35413871026404e-05,179.9999955281322
303.78730126474017,-5.274326986891869,250.798418770476,90.0000720000291,-4.1380167049541e-05,179.99995350611303
303.7690391822417,-5.2596785452915515,250.79255917383242,90.00003600000012,1.4307588545650295e-05,179.99993284873267
303.7980677086249,-5.276106328087112,250.80626536574997,89.99999399998983,-2.59200378037214e-05,180.0000277155485
303.79608123768327,-5.29577393637362,250.80177073341147,89.99992900002961,3.963460292954913e-05,180.0000478967484
303.7840169397118,-5.309774871417245,250.79940838588777,89.99995198223178,-3.394124279462729e-05,180.0001668398369
303.7516509510963,-5.305242678039223,250.79337883966159,89.999970999959,5.809152045917755e-05,179.99995734586486
303.7309336945556,-5.26309532520756,250.7942600996943,90.00005900002868,-9.243583004331084e-06,179.9999242401432
303.82149206143845,-5.288978280842522,250.80490170780007,90.00001226895948,-0.00024662729315387256,180.0004826155681
303.78712013256205,-5.2516414932153745,250.7923620491605,90.0000458364095,-8.311950561530906e-05,180.0001223509577
303.7859318991987,-5.263219893086106,250.80027848642118,89.99993100001853,4.7637122222754004e-05,180.00003285886194
303.83974626774767,-5.297190117713111,250.8079708062263,89.9999959999686,-4.1543493396651936e-05,180.0000689575108
303.91806301444456,-5.372274209220687,250.8081786437199,89.99999299996705,-4.23121073958773e-05,180.00007300469653
304.082640341975,-5.42352884691868,250.80705104828144,90.00001899996052,-5.290139701817754e-05,180.00005054149025
304.16214876693715,-5.4496647183766465,250.80729715597806,90.00001799995796,-5.415086359512841e-05,180.00005326991666
304.1726069891717,-5.4658287321911025,250.80715330544467,89.99998137949966,-3.7114885837007254e-05,180.0000871214818
304.18259188460246,-5.480977515273643,250.80729552649507,89.99995000001611,-2.7033743534628013e-07,180.00007102807692
304.37580317099594,-5.673746967401076,250.82182310504265,90.00000142654902,0.0010076780346741762,179.99777115211288
304.661766365229,-5.9160520604100695,250.81759709624617,90.00000919458623,0.0007234870473052861,179.9983800966747
304.7862435666405,-6.029797433517873,250.80788486643186,90.00000199996289,-4.664334230585792e-05,180.0000655011353
304.7940469335709,-6.058738250596894,250.80439699246725,89.99993400003454,1.980051473861337e-05,180.00006808540647
304.7829759312144,-6.133252585190234,250.79777542620158,89.99993499999867,5.85389538720173e-05,180.00001154084293
304.76658446120285,-6.15642261475638,250.79582970824515,89.99994599997858,6.187284407384327e-05,179.99998996250636
304.74460530848637,-6.1137834034403555,250.79452959211963,90.00006500003575,-1.3276876655029705e-05,179.99992346623395
304.73666899800077,-6.107769605988997,250.7928680183919,90.00002599999176,1.9469118800409546e-05,179.99993639467067
304.7455147178815,-6.126097394189898,250.79778109718225,89.99994491645903,4.5812017654347e-05,179.9999798528205
304.7457102097423,-6.20198918941465,250.79792373722648,89.99993799999993,5.497408498205888e-05,180.00001211817434
304.74010814392057,-6.1931007660133,250.79622709776683,90.00007000002594,-3.062240183873264e-05,179.99995175823034
304.7485420887578,-6.12951993812085,250.80179918098756,90.0000640000041,-5.398028630333374e-05,179.99998333971425
304.7502699854666,-6.0908429330037155,250.80172192709966,90.00006400000275,-5.463241644409844e-05,179.99998475864533
304.7600752667574,-6.182767109089766,250.7997220990899,89.99993732887818,4.637946036951967e-05,180.00002736879847
304.7527806601441,-6.204048711609144,250.7970160525529,89.99993999999086,5.8250752854525506e-05,180.0000026172385
304.75300189302095,-6.1997233917481465,250.79816316255005,89.999967281391,2.175940595017599e-05,179.99997194304623
304.7523393964799,-6.158873787291847,250.8001060658956,90.00006900001752,-4.933363698092005e-05,179.99996846918876
304.7994903347803,-6.141406035888016,250.80497006316753,89.99993608673674,-3.3476378739832895e-05,180.00012881689548
304.8031940681277,-6.137529399465068,250.80299138156354,89.99998100142717,-1.985949493381188e-05,180.0000282186325
304.7930081433259,-6.097092728258766,250.79983629349184,90.00007000001982,-4.808753840335741e-05,179.99996575692154
304.7917893953889,-6.125974607625054,250.79885973585414,89.99993400000139,3.936006036142375e-05,180.0000109741417
304.8036068679881,-6.162590223328499,250.80160440598647,89.99992800002975,4.08981876665297e-05,180.00004745880847
304.73921240581944,-6.201446992581203,250.79559298834602,90.00006443018087,-3.0132679675266567e-06,179.99995074666188
304.5644186012327,-6.267888711370781,250.79929793371187,89.99997299533977,0.0004974297594876468,179.9989996134598
304.5278488329051,-6.337570947020147,250.79521724993447,89.99995399997229,5.97884024784697e-05,179.99998024279867
304.4429886707999,-6.330767845590882,250.78461180606308,89.99997599195983,-0.0005755395166693404,180.00132064534876
304.167397914979,-6.440534966368484,250.79346764533744,89.99996999995999,5.780251742566037e-05,179.9999584323566
304.07377247577944,-6.501981557681515,250.79732153050077,89.99997208846312,0.0003773272451091374,179.9992660007329
304.00682229323064,-6.537980794144572,250.7932825426839,89.99997299995951,5.685215160851641e-05,179.99995580913168
303.99669912060597,-6.594754273082518,250.79615009417856,89.99994699998169,5.97293483377838e-05,179.99999242338595
303.9918273197237,-6.597599517501618,250.79837133632614,89.99997440670327,9.2107061073583e-06,179.99999282739492
304.01516318338304,-6.5798586794993055,250.80650455643072,90.00002499996653,-5.349284613962345e-05,180.00003692580952
304.03447227893054,-6.584617032246054,250.80436397473764,90.00005099997634,-6.0437725941772316e-05,180.00001386654927
304.024910472115,-6.583423904367662,250.79905018332866,89.99994700002613,3.624126839157186e-05,180.00004545954988
304.0214595760217,-6.585252439410161,250.7983618014571,89.99996499996546,5.0573302786731884e-05,179.99995510745032
304.0408112926392,-6.574562058046042,250.80527282729597,90.00003599997657,-5.4020094202303985e-05,180.00001904808022
304.0450891680064,-6.590130415696669,250.80374039254616,89.99996600001444,4.794044306304685e-06,180.00005623181735
304.02603598374776,-6.592511080512899,250.79947014093463,89.99993700000181,4.6912278491411295e-05,180.00001293206554
304.0258159607357,-6.591222994870683,250.79938153881653,90.00003900000074,-2.303552680274602e-05,179.99999262677633
304.06955463912766,-6.579489747953262,250.81496969345503,90.00005011434895,0.0007389757317968874,179.99829804224782
304.27288120872487,-6.531431397538326,250.81527907455254,90.00002431133167,0.0006266855729177357,179.99857110735505
304.54822955646455,-6.540362747863525,250.79950421535912,90.00002268001259,-0.000669927217983284,180.0013786777058
304.9928889358979,-6.491517236262313,250.80693740951276,90.00002299995904,-5.5312988137422555e-05,180.00004826461821
305.209641243369,-6.522080360530082,250.8071489520669,90.00002099995807,-5.523163695381533e-05,180.00005051204133
305.5539331017626,-6.549634552546498,250.80703015503664,90.00002099995973,-5.388347981551644e-05,180.00005004568553
305.7244348692477,-6.564628120603552,250.8035199496091,90.00002199352379,-0.0003137832286474838,180.00061253390487
305.9008139587886,-6.437045411220066,250.8136162344319,90.00002699555598,0.000484920979401075,179.99886539144083
306.09022799482557,-6.331820806431102,250.80130036894067,90.00002877432665,-0.0004942072372416313,180.0009955072435
306.25728432848285,-6.227499464313317,250.80518542071724,90.00002799958692,-0.00015094224466724734,180.00024996467525
306.28483132836425,-6.197014089082689,250.8052477360185,90.00004199996913,-5.9574564919404335e-05,180.00002441047198
306.31921285342116,-6.210002916225346,250.80752656184717,90.00001599995632,-5.395846879941321e-05,180.00005777961326
306.3581325375644,-6.156134365019331,250.80394587884726,90.00005199989421,-8.803824236174722e-05,180.0000795545078
306.40107502320325,-6.10198407650945,250.80550830259597,90.00004299996625,-6.081072180075345e-05,180.00002716718723
306.59375982622174,-5.958018530481039,250.80657894060337,90.00002899991615,-7.467427877208634e-05,180.00008088995656
306.7619651194894,-5.931259781867549,250.80696299223376,90.00002499995824,-5.6007810236886055e-05,180.00004809496045
306.8490988247014,-5.914820886220414,250.81375967897844,90.00002462632747,0.0004919072376477451,179.9988472786461
307.1779383554789,-5.867749285619546,250.80002937971307,90.00002284942643,-0.0006195161686388608,180.00128883490575
307.47417805024094,-5.85857020753213,250.7964009792148,90.00002198415503,-0.0009089417923396624,180.00192864925302
307.5418849974111,-5.861104318612576,250.80708554034297,90.00002199995804,-5.494837879839562e-05,180.00005082003247
307.77757210092756,-5.86927852584282,250.7887212434039,90.0000219581044,-0.0014767120302753263,180.00318216201822
308.0036532268862,-5.8781969713334306,250.80534992907843,90.0000219994427,-0.0001726456298499349,180.00031035539456
308.2492346441907,-5.8805439079798765,250.80462181161784,90.0000229989006,-0.0002406969643127729,180.00046079758343
308.2691644388362,-5.878617979882888,250.8142305250594,90.0000230907262,0.00048475638034220156,179.99885846413653
308.3816192888542,-5.864404135813877,250.80700934286943,90.00002599995655,-5.7206451161003055e-05,180.000048738599
308.4413477210488,-5.861288145411378,250.8089858019723,90.00002555137469,0.0001002358265003825,179.99970222877127
308.6307341523283,-5.87558448957906,250.80262409532244,90.00002211517591,-0.000388846200012137,180.00078794301263
308.8360414174407,-5.867424234645074,250.80462037577027,90.00003547763681,-0.0001858257448816962,180.0003223635172
308.9121976858654,-5.856670628653537,250.80667459451467,90.00002799995947,-5.6435423396703966e-05,180.0000447282282
309.1323292654171,-5.866536150481502,250.8070365529479,90.00002199995716,-5.524300056274138e-05,180.00005185760244
309.22400049629135,-5.895343427171787,250.81640079789486,90.00001511704586,0.0006311881159505716,179.99854103606899
309.3796686508069,-5.877903842787837,250.81446407233688,90.0000344644375,0.0005632613416277928,179.99866399829315
309.5825763563916,-5.895339302795776,250.81950771291102,90.00002082291753,0.0008987458091640482,179.9979377780788
309.80569138013607,-5.960917079339979,250.8166353345076,90.00001999597934,0.0006298862701343376,179.9985368792957
310.28967449735336,-5.997208182057861,250.80707208815096,90.00002099995713,-5.467663284239559e-05,180.00005324909264
310.83442720739407,-6.102556651176187,250.7907989776721,90.00002020848228,-0.0013561671550840957,180.0029500266699
311.197541553649,-6.1003539384674035,250.79944593330833,90.00002156972468,-0.0006710546252113406,180.0014249148238
311.559679345333,-6.146371638688287,250.80006084813562,90.00002034551459,-0.0006267306908564422,180.00132903093944
311.8517821125407,-6.228116269485809,250.81020060434923,90.00001947350454,0.00017354059639672104,179.99954694174912
312.2172555833746,-6.21059662229551,250.8030954461859,90.00002163284637,-0.00037898309586362455,180.00077796125925
312.5784507052131,-6.17779959097844,250.80708667531232,90.00002099996814,-4.909269045372649e-05,180.00004122321644
312.8986473691264,-6.20022958385913,250.807334584643,90.00002199996732,-4.951945266377198e-05,180.00004213954696
313.13858789793824,-6.186237124041565,250.8076898288496,90.0000230000136,-1.2112941669611889e-05,179.99995554441793
313.3127695302584,-6.1446112066879595,250.80693467585425,90.00002499995638,-5.640044559303492e-05,180.00005043349083
313.4199158967804,-6.13408322829201,250.80698279816949,90.0000259999556,-5.7302535578679565e-05,180.00005001419234
313.4611374104251,-6.117973204241381,250.80425712456994,90.00005799993379,-7.029714565760614e-05,180.0000595627489
313.48894680175465,-6.128420642331225,250.81206880789887,89.99995614543195,0.0004962423823200567,179.99893068002456
313.7162279858446,-6.117868225413426,250.80700851458187,90.0000259999555,-5.6771795289904714e-05,180.000051361105
313.9269123331543,-6.120196624394665,250.8131660450133,90.00002120202909,0.0004204648803371175,179.99898724041873
313.9974310804766,-6.1508063040530265,250.80746949721555,90.00001499995741,-5.1883012731201196e-05,180.0000601095089
314.1381640938674,-6.175507416465699,250.80730066672703,90.00002199996658,-4.977829056257394e-05,180.0000431748579
314.3762405215682,-6.215970701894891,250.81136726302094,90.00001999860724,0.00026755972389045203,179.9993313981914
314.62520700985056,-6.245346972591903,250.7968129447013,90.00002199441256,-0.0008675051558523733,180.00188653528295
314.9307519594547,-6.327411389423683,250.79386586416885,90.00001892100039,-0.0010802014029186958,180.00237150957295
315.3610780277332,-6.3141780946118535,250.80785095205283,90.00002200001303,-1.2413066046484724e-05,179.99995768516752
315.6473276730204,-6.46785484800398,250.82140641975786,90.00001425118111,0.001012580787036866,179.99765615173513
315.9868977199127,-6.482204923048129,250.81624991679203,90.00002198432934,0.0006156688108348858,179.9985393978044
316.377904051136,-6.506420221786093,250.8116913978154,90.00002099834566,0.00029064723739874584,179.99927531266627
316.79586493629216,-6.527493580228348,250.80904716602674,90.00002099984893,9.144804339758309e-05,179.99972556267124
317.3012001129272,-6.506607231838871,250.80718633743092,90.0000229999534,-5.643497935092069e-05,180.0000562359949
317.6675844465133,-6.602014569064524,250.80749432634013,90.00001999995276,-5.572560710714877e-05,180.00005960416746
317.9833121811211,-6.604455006569926,250.80726448342094,90.00002299994426,-5.984859292584834e-05,180.00006666069308
318.3473205921174,-6.527997409346974,250.80687587943612,90.00002299993498,-6.360372114851554e-05,180.00007529823552
318.6589543914114,-6.531199606864429,250.8012155290018,90.00002405483745,-0.0005123685036521401,180.0010976954191
319.0050894106483,-6.634053899062769,250.79825219300034,90.00001998823913,-0.0007687075862492105,180.00169037660618
319.15335891966004,-6.68056473763299,250.807513774928,90.00001999995283,-5.5104206489894275e-05,180.0000610207044
319.48662102511395,-6.755327113642263,250.80726047465575,90.00001999995546,-5.3887977527081844e-05,180.00005828452578
319.76782770358056,-6.803931992046368,250.80718868234513,90.00002099995629,-5.347382106995949e-05,180.00005738075012
320.05831803654934,-6.76595255787898,250.81541020446525,90.00002476406152,0.0005693779286912546,179.99862487907274
320.31093778458,-6.815013032821667,250.81902850930672,90.00002019197764,0.0008521797588434123,179.99798256956467
320.45747130504117,-6.869002140649809,250.80729728229917,90.00001799995567,-5.279896878250911e-05,180.00006096941019
320.87242148766074,-6.933301923480105,250.79658813110066,90.00002171453004,-0.0008785422321007425,180.00194902477534
321.0050005816266,-6.92533722554344,250.8072312861268,90.00002399995448,-5.52329285514894e-05,180.00005665089284
321.2720129516688,-6.8120416388451295,250.80706593390596,90.00002699995359,-5.66279360360224e-05,180.0000549752391
321.503951744115,-6.787672470085803,250.81166982339508,90.00002499841018,0.0002829374750435204,179.99927430712873
321.80500804803836,-6.766114610276658,250.8115234924961,90.00002299838633,0.0002846474963560263,179.99927297205534
322.0888689965578,-6.702424201281195,250.81996142937484,90.00002596224998,0.000924453279417388,179.9977914524152
322.4774896612796,-6.662381107458086,250.80698399772473,90.0000259999545,-5.611700792098685e-05,180.0000541745463
322.793187997244,-6.549227574413911,250.80711675069207,90.00002499995448,-5.555359033625858e-05,180.00005553196064
322.974342307135,-6.5759577638753255,250.80721626914192,90.00002199995367,-5.489679521863516e-05,180.00005908757743
323.131431979232,-6.583023794409631,250.81316920511392,90.00002464035911,0.0004088800018030501,179.9989795577098
323.4001145687244,-6.543114713912702,250.81410357892898,90.0000279949811,0.0004986252195235862,179.9987631725475
323.60204463052924,-6.470181870296547,250.8025264411568,90.00002899698367,-0.0003868096452118202,180.00082007604868
323.6239805214311,-6.46851615913424,250.80687879928658,90.00002899995454,-5.6526095080264456e-05,180.00005297924707
323.7100039702074,-6.446308618870568,250.8067219641087,90.00003199994909,-6.072468081122725e-05,180.00005450358466
323.71018934556616,-6.44716271796037,250.8059470151092,89.99998799998454,-2.751184426811839e-05,180.0000665439598
323.7749690826531,-6.400974796246493,250.80628375418544,90.00003699995645,-5.925493121431758e-05,180.00004420240882
323.9544626493099,-6.389541795246274,250.80699404052447,90.00002499995449,-5.5441188696692704e-05,180.00005564417856
324.05484452575786,-6.371083192619355,250.8000227004254,90.00002570843239,-0.0005789330401447501,180.00127446099677
324.3854167143773,-6.256272825358301,250.79262495082543,90.00002497509256,-0.0011591275733005232,180.0026336073072
324.76066210505087,-6.255031617644983,250.7851681767397,90.00002220681964,-0.001740704775965001,180.0040020873538
325.2239592638367,-6.308133231109354,250.77485844791997,90.00002110990806,-0.0025298053815820997,180.00585827205572
325.8231667383231,-6.354414098141739,250.80730811352063,90.00002199995377,-5.410776991941918e-05,180.00006064115198
326.1465444864718,-6.425056228012398,250.80759134371482,90.00002099995024,-5.5662913051758335e-05,180.00006433226386
326.5456433216807,-6.390095541826691,250.8071032899365,90.00002299995543,-5.3803951540247156e-05,180.00005753377138
326.82833581950655,-6.4128501164376726,250.78509530853222,90.00002220594864,-0.001727581325304883,180.00399875617475
327.24370165487625,-6.449809800291941,250.78529610889944,90.000021260565,-0.0017197883898628058,180.00398601611192
327.64452787067074,-6.506904897304472,250.80722013794576,90.00002099995477,-5.3072564304080395e-05,180.00006113348505
327.90409974249667,-6.522700856908398,250.80926048425195,90.00002399987127,8.382911726920254e-05,179.9997303383354
328.19928977434716,-6.494794344286863,250.8113850142471,90.00002399842784,0.00027749100844252255,179.99927227550097
328.5146402574928,-6.46697030889969,250.80795726968515,90.00002500001115,-1.53512663117198e-05,179.99996456484317
329.1379979679463,-6.554672912621927,250.79697387454735,90.00001805240738,-0.0008608592028017642,180.0019790674833
329.42647461677166,-6.4800121724792215,250.80571005564545,90.00002699943752,-0.00016717381399783578,180.0003215406675
329.43859449082584,-6.478509588145281,250.81126607413435,90.00002699880574,0.0002648044775637882,179.9992935104614
329.69904823157793,-6.5361525811359025,250.80837729756433,90.00001679003014,3.977888910832606e-06,179.99993352135272
329.74516110250227,-6.529154307879337,250.79484895667548,90.00006900004095,-1.244252656954192e-05,179.99991221553117
330.0033701571914,-6.498102647212943,250.80559928856883,90.00003099947442,-0.0001622329250242075,180.00030367796532
330.099947527905,-6.504694863414493,250.8071851902716,90.00002599995088,-5.6568394441877236e-05,180.00005974961772
330.20148065456914,-6.51128445520693,250.79973815769213,90.0000259918508,-0.0006270420797614743,180.00141756211298
330.4591722105471,-6.477481517725829,250.80688022132392,90.00002599989605,-7.637499603021424e-05,180.00010705567252
330.57206825837073,-6.402055159846864,250.8064510651224,90.00003499995489,-5.818169984347063e-05,180.00004825857258
330.8679727985696,-6.361159605921667,250.80719359605868,90.00002599995187,-5.556239547203331e-05,180.0000602147845
331.41098063055904,-6.428621712282022,250.7940656732046,90.00002343732287,-0.001044657016293572,180.00242971103373
331.7121806396465,-6.5008222342198145,250.79981801040208,90.00001965017978,-0.0006478273807539613,180.0014885546174
332.115232711966,-6.51051726449216,250.80191127457624,90.00002299254533,-0.0004725345391995298,180.00106593041954
332.40314823497897,-6.666729397205573,250.8075956550726,90.00001299994217,-5.606622990889955e-05,180.00008429060605
332.56633678331985,-6.727557248378315,250.8077140430078,90.00001799995002,-5.3968054545075625e-05,180.00006958052273
332.8112085320621,-6.762646782542629,250.80730531801177,90.00002199995119,-5.479772080946057e-05,180.00006382170278
333.47767781698747,-6.723924308497209,250.79364237170515,90.00002310655071,-0.001110346945081403,180.00259967350559
333.778145395066,-6.750651710803342,250.7918963848758,90.0000220870759,-0.0012276414188439712,180.00288515854672
334.1562897056005,-6.757262655114384,250.79106085309783,90.00002196465117,-0.0012971457756676187,180.00305620454256
334.4868206607781,-6.716491519897042,250.80469797883435,90.00002599855783,-0.00026317234737768824,180.00056234409922
334.97388570364205,-6.685512650154642,250.80738825217585,90.00002399995212,-5.423019132344396e-05,180.0000630562164
335.19739127015765,-6.658058401419217,250.81136283372658,90.0000269984856,0.00026938882955197823,179.99927347539372
335.60931876774504,-6.608089055360459,250.8088692998886,90.00002399986704,8.341999046407895e-05,179.99972935835817
336.12239326155435,-6.619603802409229,250.80738621637317,90.00002499994932,-5.581583295143909e-05,180.00006461108916
336.3935814884414,-6.4729438843001645,250.80713702105538,90.00002999994804,-5.8325745790419094e-05,180.00006035815855
336.6001700073784,-6.423310602706894,250.80699405076467,90.00002899995093,-5.607186663698474e-05,180.00006021582712
336.9718147568803,-6.388290545933336,250.80766624164946,90.00002400001058,-1.3254014615076355e-05,179.99996358524908
337.28997638773114,-6.39658030610912,250.81749196463045,90.00002507712018,0.0007004696152208856,179.99821822278665
337.5432294236671,-6.426241536265199,250.8120769751585,90.00002295452514,0.000281239559013575,179.99924619160782
337.9225519168507,-6.437096056169122,250.8072102501296,90.00002599995013,-5.5809343331580255e-05,180.00006253252974
338.20193632754393,-6.450213894194055,250.80752870003076,90.00002399995998,-5.095807455367922e-05,180.00005336091706
338.44530697047105,-6.476526770195502,250.81428116064504,90.00002313526585,0.0004622372864419993,179.99879966145915
338.7262886977213,-6.613099872332623,250.79929218054343,90.0000120224818,-0.0006917848713966388,180.00164560246617
338.9840614203221,-6.636116541033585,250.8073244146184,90.00002699994917,-5.613952171604876e-05,180.00006350765193
339.35041955826694,-6.66496914895047,250.8074760318969,90.00002299994945,-5.5065701364190957e-05,180.00006619585986
339.68760080841776,-6.7061559646757045,250.80067222334483,90.00002198536446,-0.000541160611725304,180.00126212763155
339.9666840843572,-6.8366099200973665,250.80554778397845,90.0000103775147,-0.00023603262531278496,180.00053212515954
340.19334783101743,-6.867872961291594,250.80745565656437,90.00002399994861,-5.537431255543584e-05,180.00006707224125
340.4192227865873,-6.892320978040715,250.80757105735645,90.00002399994756,-5.628739826464079e-05,180.0000667062873
340.5742894059939,-6.881586831617814,250.80886559645836,90.00002799988252,7.937111522744696e-05,179.99972893315777
340.95360886386635,-6.8906964136592315,250.8140399623459,90.00002393903976,0.00044611746797109216,179.99882684871298
341.2439644915298,-6.811639836303098,250.80735480996046,90.0000289999453,-5.861115406973161e-05,180.00006472041946
341.62776843872695,-6.758884182797366,250.8074853507768,90.00002599996006,-5.072030209782783e-05,180.00005354969167
341.9442155810356,-6.798252789967574,250.81460147120865,90.00002211719476,0.0004984748159918037,179.99869910870876
342.24847283273215,-6.7747415206612684,250.82258225416538,90.00002634756193,0.0010373225108072247,179.99735715363005
342.7918949880036,-6.738999484186095,250.80744578407095,90.0000229999489,-5.4590147240124584e-05,180.00006856322557
343.2525341056571,-6.772690387255223,250.80753355976714,90.000022999948,-5.493346349470532e-05,180.0000695148523
343.5005923076535,-6.815989115890538,250.8075892489503,90.00002299994803,-5.492210771224452e-05,180.00006952382455
343.8859277808865,-6.8299704318790075,250.8074946581454,90.00002399994692,-5.582168232246945e-05,180.00006917325987
344.0378689998486,-6.821910099349884,250.80711726004822,90.00002799994914,-5.63553937356707e-05,180.00006249855676
344.4645697283659,-6.904022835483676,250.80767296043228,90.00002099994508,-5.5684577770912965e-05,180.00007417531572
344.53781387681977,-6.927830257149347,250.8075445912106,90.00001799995059,-5.2449271372130095e-05,180.00007161755403
344.7406168656301,-6.945475908278284,250.8137351168648,90.00002532064642,0.00040016156728665543,179.99893198239045
345.0645523846504,-6.969747082913621,250.79208139662356,90.00002471790103,-0.0011592005230807584,180.00282340649508
345.32822667167534,-6.9680191598357615,250.8018269920829,90.00002694794595,-0.00048205101168505223,180.00113176029137
345.52946111016837,-7.110001485654762,250.80823680014498,89.99999999995865,-4.4428116961597365e-05,180.00008669568965
346.01121483942416,-7.217611182417229,250.8074181612645,90.00001999995115,-5.257239849477495e-05,180.0000694344512
346.4653678901955,-7.237606060424765,250.81723065253263,90.0000243413679,0.0006345507579835521,179.99834282221744
346.8529751763514,-7.244775502390684,250.8044000305254,90.00002446797124,-0.00026743538922383107,180.00060101505954
347.1742969847859,-7.280157090422996,250.80123058023824,90.00002015959375,-0.0005502880896426132,180.00131962796496
347.6100483336977,-7.25065951588002,250.79796929549175,90.00002694667485,-0.0008326668925443047,180.00202040214185
347.7619255146243,-7.2359100361571125,250.80721503728992,90.00003199994525,-5.876032846990717e-05,180.00006379046846
347.9386181041078,-7.180120693397366,250.8085762807003,90.00003299990372,7.358825708929792e-05,179.99972755000408
348.38710548008765,-6.900864011009776,250.80708990960372,90.00003299994715,-5.791757181296664e-05,180.00006202866228
348.5057085196664,-6.89950683360154,250.81438148268282,90.00002994917993,0.000537448216123914,179.99856549913986
348.91424168170613,-6.898341314721283,250.81466480994803,90.0000240070046,0.000528586173902792,179.99859321264486
349.2995271649621,-6.89607985367579,250.81872673940214,90.00002529871679,0.0007813754115341249,179.99794957839472
349.6661887904364,-6.834869409040397,250.79706030339298,90.00002731415114,-0.0007754389122305932,180.00189146497456
350.01248958878,-6.811972540606878,250.7907678421694,90.00002580080522,-0.0012467487923586015,180.00309343562802
350.3167511860065,-6.8341417414596854,250.80617194483457,90.00002400067396,-0.00015727434127022933,180.0003308332923
350.64449628011465,-6.873190803665429,250.8056882987274,90.00002626575376,-0.00017298431587045742,180.00036865535154
350.85144283758217,-6.869202254487446,250.80669217557937,90.00002899986106,-8.386085519480779e-05,180.0001368854209
351.25591847357714,-6.87765983756779,250.80732533758743,90.00002399994817,-5.432034889783599e-05,180.00006999499837
351.4895421065172,-6.90067040393553,250.80733395736033,90.00002499994903,-5.394169329617935e-05,180.00006907455244
351.6736794541895,-6.947256783787855,250.8076706013787,90.00002199994698,-5.389979581675444e-05,180.0000744634946
352.3786165533029,-6.924522317220981,250.78878948140814,90.00002582667426,-0.0014332091233213637,180.0035931556036
352.65199764804026,-6.917332762433298,250.80620145495575,90.00002799946292,-0.00015747349190846913,180.00032675190153
353.03130534366244,-6.866242458645995,250.8069804257387,90.00002699986163,-8.315645026212698e-05,180.00013870739127
353.28826500794435,-6.862425365459559,250.80744874000177,90.00002799994591,-5.6023952018184144e-05,180.00006939248445
353.75809007540596,-6.789297121243197,250.81886940578784,90.00002626202142,0.0008009792749690453,179.99786639978987
354.39492676616345,-6.606992737087398,250.80134223961647,90.00003239915597,-0.0004699959021870063,180.00113177334757
356.85866281005553,-6.551786543932134,250.81899256399177,90.00002106592102,0.0008751592540371464,179.9976598141852
357.8572872425749,-6.55697320682146,250.79460758669603,90.00002402738683,-0.0010795913793442207,180.00275036791314
358.35114656634954,-6.551449006421607,250.77972948575405,90.0000239110128,-0.0019750552717701132,180.0050965600905
358.81987097585517,-6.467957256179727,250.79480146263705,90.00002597691326,-0.0009042773427913325,180.0022988690812
359.3120272132337,-6.356943613712127,250.80991440842487,90.00002699977713,0.00010194780503211189,179.99965913790726
359.8364417435585,-6.268120390318717,250.80739771796317,90.00002699992906,-6.129959924624607e-05,180.00008817284711
360.3063955940465,-6.157089980597689,250.79139315095028,90.00003150969988,-0.001165523136916775,180.00299714102158
360.7234651260127,-6.085916475078127,250.7910652375694,90.00002858028623,-0.0011518970828339084,180.00297070880532
361.5546010980975,-5.936824410574988,250.8072477838395,90.00002599994752,-5.37119639616353e-05,180.00007166606602
361.9261777957684,-5.888007733574723,250.80743395619743,90.00002899994246,-5.660289182118555e-05,180.00007379778282
362.35525048667307,-5.844623904689694,250.80737767739225,90.00002799994547,-5.492222881767365e-05,180.00007230870546
362.754596499876,-5.822780932996635,250.80765769278173,90.00002799994061,-5.722881731826519e-05,180.00007572887495
363.44571398797024,-5.867708466390314,250.80684847410058,90.00002299978976,-9.781855852904203e-05,180.0001948982165
363.96002072743306,-5.897958797296947,250.79726470144632,90.00002395541242,-0.0008889306268626634,180.0023126379603
364.4671027762143,-5.908147336479823,250.79547148853032,90.00002590583289,-0.001015887506548846,180.00265401392411
364.92828191463127,-5.8892511710991196,250.78433551200087,90.00002593469756,-0.0016699907601259107,180.00441310851696
365.53514416423945,-6.1475978867024095,250.78059595866893,90.00001725049165,-0.001877077447062057,180.00498179271398
366.26966649484666,-6.242919627171401,250.80743495000274,90.00002599994407,-5.4821089799386306e-05,180.00007562835603
366.4640280358735,-5.9684528719896575,250.80581233081094,90.00003561391271,-0.00015503938084834783,180.0003320107479
367.3799633915132,-5.62662263807251,250.80725970674717,90.00002599994625,-5.3325902594472804e-05,180.0000751887507
368.0293099054818,-5.598913331056779,250.8068155021626,90.00002599958343,-0.00013485347274379394,180.00029415391427
368.61118918244927,-5.610377671676513,250.79763202786393,90.00002499739122,-0.0008767162882671679,180.00231518623582
369.2315123497133,-5.681141410675493,250.8079118741506,90.0000239999414,-5.46719344121264e-05,180.000082194767
369.7643376230617,-5.704745347207601,250.7815585814993,90.00002392477478,-0.0017777011411188052,180.00478303023175
370.6598658103514,-5.769008507930481,250.80766241957613,90.00002399994233,-5.4232194205431574e-05,180.00008131955028
371.52781160822576,-6.106571845383199,250.80804394712152,90.00001799993763,-5.455881769803236e-05,180.00009360786527
372.02709573730294,-6.129234500026954,250.8046619073934,90.00002599743353,-0.00031014469371164796,180.0007809030385
372.3406643821866,-6.112081785862759,250.80711428371393,90.00002899994566,-5.424895543522568e-05,180.00007281518347
372.8222830773203,-5.574935012838005,250.79979066775172,90.00003599036908,-0.0006334584543397076,180.00165750111498
373.4372597305461,-5.527507469426041,250.80793108109572,90.00002700000636,-1.9127558067255004e-05,179.99997854245547
373.8298560802598,-5.42533139614123,250.80881094000208,90.00003399992057,6.414060628949198e-05,179.99973822087978
374.9152365959682,-5.425294378926315,250.8030042733952,90.00002699645661,-0.00046968066811867555,180.00123322350828
375.51545334807855,-5.424434560853207,250.7796944940638,90.00002526946481,-0.0019619598912149656,180.00539013919936
376.08657897390935,-5.452886061324675,250.80095375093708,90.00002445607271,-0.00048083661154531434,180.00127333900204
376.7099546553066,-5.568672645890261,250.85156877172625,90.00002223101866,0.0028659087362967544,179.99194460918736
378.13230944142634,-5.895909428180447,250.78781661150646,90.0000250413061,-0.0014945222054076,180.00410738997817
378.56407412957185,-5.631965620994376,250.80664380019886,90.00003079856961,-0.00012277322489951886,180.00026514058646
379.05431296957084,-5.377907910125917,250.83132130492558,90.00003316706493,0.0015175388731069096,179.99564970841107
379.6042694279304,-5.357631375766392,250.82199033671986,90.00002697131771,0.0010802302579208253,179.99688411024482
380.258355692619,-5.363221165771245,250.81347715680752,90.00002699492012,0.0004547012445265529,179.99864436494883
381.3867280170696,-5.470500484560202,250.79059920276498,90.00002607288118,-0.0013429075146165587,180.00373092163753
382.2632217650395,-5.613119690030707,250.80754653403181,90.00002199994594,-5.080321920260867e-05,180.00008387510402
382.7923721302812,-5.6033020798031625,250.80759366341056,90.0000289999391,-5.547633280409246e-05,180.00008223975075
383.57570988383986,-5.974637001830802,250.80803357611487,90.00001399994517,-4.9668603034749265e-05,180.00009276330167
384.01480548412064,-6.019971732612904,250.80747124063564,90.00002599994268,-5.325472966350772e-05,180.00008196300257
384.49981034015207,-5.564123868987346,250.80041192212832,90.00003917316236,-0.00044791901816466017,180.00118308488288
384.89333223788674,-5.524317042217955,250.8078552217014,90.00003150660406,-2.3370309912775372e-05,179.99998804505393
385.30981031016273,-5.499411013257988,250.8094043634415,90.00003099988936,7.106530838034833e-05,179.99972081232914
385.77432422297437,-5.475064202521447,250.7961763376862,90.00003262940847,-0.0007783082398136057,180.0021530778018
386.2034431698594,-5.4420334771633385,250.79577774438354,90.00003297994833,-0.0008950324135980743,180.0024882292438
386.5392245667077,-5.407142747364811,250.8067312066181,90.00003299979434,-9.446016392923191e-05,180.00018935327407
386.89143400345023,-5.384427037753263,250.80738397305134,90.00003299993935,-5.602888043211191e-05,180.00007898585088
389.8559383995837,-5.885670472132895,250.81258783884036,90.00003011556593,0.00033992955843947125,179.99893912066545
390.15873517730205,-5.874103275411308,250.81196934021415,90.00003506992485,0.00028288738499210184,179.99909441326704
390.49433249931855,-5.8513554977361455,250.80192718801842,90.00003545343041,-0.00036671407848779057,180.00097565426788
390.76366216135676,-5.466170420888443,250.80324698166768,90.00005467029447,-0.00025769607151330073,180.00064028513972
391.0818122066139,-5.46224684768568,250.81230717036064,90.000026233453,0.00031952091694254246,179.9989959135009
391.36289785096204,-5.447687416725814,250.8132821905526,90.00003471246693,0.0003724328751131696,179.9988295103028
391.6308338923103,-5.493487857028431,250.80605883798907,90.00002106549883,-0.00016313235859563566,180.00041454285034
391.9032791100185,-5.588713350373192,250.80815732719765,90.00001999993754,-5.30165902948409e-05,180.0000960001111
392.06886997308345,-5.656549354614087,250.8078242881891,90.00001399994719,-4.7942448980920255e-05,180.0000935015421
392.3145597241175,-5.725543566707674,250.80770468740522,90.00002299994149,-5.231590370320512e-05,180.00008777269662
392.4313247422298,-5.781696708754342,250.8102708127405,90.00000874323484,0.00013229890483901758,179.99957882422038
392.59875896643547,-5.877973655850382,250.8074431575883,89.99996999993418,-5.2428614310033466e-05,180.0001811509553
392.6641602637895,-5.982758172027153,250.80553911268228,89.99992000004757,1.5567918430648047e-05,180.00009627897052
392.76876987621546,-6.183410471351037,250.80274042939104,89.99992099988937,-8.102389483766523e-05,180.00038007719448
392.7912932902972,-6.471497055934202,250.7991696832092,89.99991296849153,5.100731427684317e-05,180.00002582963148
392.84020911619103,-6.628386465000646,250.80191484758257,89.9999140000362,3.7049884571669396e-05,180.00005510268886
392.8577497741675,-6.778210123273248,250.79981289873382,89.9999160000162,4.650112802955959e-05,180.0000277064125
392.8289637382902,-7.06363573125922,250.79715664318198,89.99992399998455,5.575584966841329e-05,179.99999179723457
392.864656384133,-7.403411899919962,250.80043750822628,89.99991100002474,4.633860060602267e-05,180.00003726572265
392.8966757328551,-7.485001028753121,250.80335150640371,89.99991412399964,0.00015045069597936292,179.9997220577741
393.0224515642758,-7.818919842228515,250.80091774509955,89.99991500004518,-2.753924846760846e-05,180.0002330836184
393.105142479963,-8.152846177246897,250.80025180199462,89.99991400002406,4.411551470909711e-05,180.0000373958558
393.2182687440971,-8.34861638235699,250.80416309813774,89.99992200004236,2.0319135678239836e-05,180.00008125966372
393.2468915761046,-8.66699347906501,250.79902893498573,89.99991600000781,5.0960213249165735e-05,180.00001786216245
393.2574114915381,-9.207804931566502,250.798254377672,89.99991800001825,4.521567991353727e-05,180.00003050438343
393.3158684360898,-9.542127853275696,250.79932185550257,89.99991800002945,4.015785492572653e-05,180.0000454655935
393.33995651501965,-10.210736113303984,250.79728394118357,89.99992000003247,3.851678348110818e-05,180.000049944812
393.3493209031044,-10.695246685210407,250.79722093255995,89.99991899999723,5.4005921708117946e-05,180.0000063322675
393.3308279987873,-10.82166063820571,250.79745606660998,89.99991499998913,5.885817589666169e-05,179.99999869031817
393.33979243292447,-11.250873128991476,250.7975429858213,89.99991799998917,5.791787146617393e-05,179.99999842239103
393.4298844298005,-11.58249814797328,250.80057518410132,89.99991300002563,4.4345837977630546e-05,180.00003927399607
393.5631093332953,-11.475669324567727,250.80415136009216,90.00006999996656,-5.975815464962398e-05,180.00002745838324
393.5532996103597,-11.630938171630808,250.7987765406348,89.99991800000502,5.090180281234902e-05,180.0000150667431
393.6320314452685,-11.811197654017613,250.8049090522378,89.99991503531128,0.000212073228899471,179.99955228172047
393.7359492544815,-12.102888734455288,250.80088589291177,89.99991600002072,4.0732086632606995e-05,180.00003497101775
393.7898699197729,-12.391673293201352,250.80217233439555,89.99992631370992,-9.71829612636118e-06,180.00016174488076
393.8471711593607,-12.618077922404822,250.79998371776153,89.9999130000493,2.9404931639555766e-05,180.00007708484242
393.86376619968763,-12.788411795919897,250.79942406912775,89.99991800001253,4.780177410135487e-05,180.0000236641202
393.87658080584487,-13.003433646324002,250.79885231243253,89.9999170000069,5.017296395835679e-05,180.0000171077068
394.151109192137,-13.168353135811591,250.81084145703088,90.00000246859422,0.00017452221715431906,179.9995308812935
394.31533850910125,-13.45558656502167,250.80343142944255,89.99992301119843,-9.214433690226497e-05,180.00037846989323
394.2763338427756,-13.610172714533217,250.79656900029318,89.99992099997696,6.0486594293260657e-05,179.99998580943898
394.151857396178,-13.966269097051425,250.79574661394443,89.99993174709321,4.871938739008068e-05,180.0000025491189
394.07530028917654,-14.333350345082994,250.79610650225987,89.99992586191294,6.237896034509903e-05,179.99997360710347
394.03977746509395,-14.672896039454546,250.79750119751077,89.99991541930021,5.826720168654253e-05,179.9999961899652
393.9171350072872,-14.995282031772183,250.79679902523188,89.99993199940991,0.00016508140473431757,179.9996927057487
393.69794711015226,-15.222873900633022,250.7927016639051,89.99993999998993,-4.783153648721629e-05,180.00025467559948
393.56432138796254,-15.561105535091528,250.7946134586565,89.99993800003163,2.4298354476079888e-05,180.0000611555217
393.4501192215632,-16.42572252785639,250.79528917093026,89.99993599996067,6.007736470340751e-05,179.99996474790314
393.34092955333523,-17.371688960476423,250.79538049719545,89.99993299996159,6.133424720538445e-05,179.9999674713947
393.4509501255935,-17.702028026217118,250.8042461496738,89.9999604686981,0.00016987201746303964,179.9995974705101
393.5420324241121,-17.894253304550958,250.80030906206053,89.99991400000367,3.391426476921999e-05,180.0000124402334
393.50623336745264,-18.06931833207581,250.79716702962733,89.9999169999848,6.0635941454451024e-05,179.9999950722469
393.53114048810386,-18.33943095694388,250.79885822078296,89.99991100000838,5.367627194383436e-05,180.0000192056763
393.4823346281011,-18.505235318330463,250.796751819658,89.9999219999803,5.96043225903266e-05,179.99998940164954
393.3807934749673,-19.109183712278657,250.79642347389975,89.99992999988137,8.611381907419757e-05,179.99990700609388
393.30977916806444,-19.47606814537623,250.79652637018563,89.99992799985853,9.20004732794645e-05,179.99989297971516
393.23390561652076,-19.73401772344506,250.79623462400176,89.99992799995015,6.762200754242142e-05,179.99996016741176
393.2364214645276,-20.06053581499357,250.79790435544464,89.9999219999943,5.3349111879626874e-05,180.00000329733146
393.1862332336398,-20.544558731751483,250.79656993176542,89.99992299996106,6.639754373614272e-05,179.99997204708868
393.1327585235939,-21.154340038269503,250.7962606532741,89.99992399997383,6.126554705797877e-05,179.99998292540232
392.99136363536576,-21.653838468922366,250.79540723207356,89.99993799996345,5.889199179941786e-05,179.99996706470967
392.8081495252489,-22.463045567559863,250.7950016111582,89.99993899995862,6.078208326762203e-05,179.99996253617047
392.69293361139836,-23.166268017052964,250.7956355654347,89.99993499996587,5.8859965953089705e-05,179.99997046181025
392.6238414887885,-23.899384866761043,250.79644885428903,89.99992799998587,5.5796523651053975e-05,179.9999942990204
392.5831206320636,-24.203332392936886,250.79749552265434,89.99992484296847,6.0262786040521606e-05,179.99998504367625
392.47131575320367,-24.592016678247138,250.79598478092797,89.99993199996992,5.8985538391253805e-05,179.99997606871636
392.32953262055213,-25.259180890590038,250.79639065629328,89.99993099971553,0.00012406914547661207,179.99982106326428
392.2033473889596,-25.651338106488307,250.7961847245197,89.99993099968638,0.00012914902185361785,179.99980646245854
391.9786967070586,-25.87110154347548,250.79419135789271,89.99994599994643,6.320188419545602e-05,179.99994755058663
391.8618808939897,-26.092333537910157,250.79515264824153,89.99993399995967,6.226230470306184e-05,179.99996574499264
391.5530707908385,-26.558870171274986,250.79469190340475,89.99994371013717,8.406812058181212e-05,179.9998995546308
391.33238521773814,-26.926311072453448,250.79393627800494,89.99994691687775,2.106753493747527e-05,180.0000500263994
391.1242072827262,-27.323745410710693,250.7931711742159,89.99994380389677,-4.0530913616197845e-05,180.00020711878287
390.86899209578513,-28.091965666232753,250.79533442691243,89.99992799996186,6.46521046388345e-05,179.99997132704715
390.76019504692,-28.637215874807485,250.79575886817622,89.99993399996706,6.051784396069106e-05,179.999973765034
390.59617447639994,-29.090552070883817,250.79543765253155,89.9999379998403,9.697809824323137e-05,179.99987799467706
390.46776014997727,-29.78589173034129,250.79587753231442,89.99993699981933,0.00010240279300847609,179.99986719435006
390.350129153356,-30.041408573395184,250.79589014255754,89.99993599989669,8.272664335291018e-05,179.99991546964776
390.0881353179445,-30.3820110475671,250.79433307841813,89.9999441979372,3.2906866472958e-05,180.00003004898971
389.84445971388027,-30.63365262413901,250.79551482174256,89.99994456246432,0.00015748862147067544,179.99972723525832
389.461156598431,-30.704017205287663,250.7932950795655,89.99996299977076,0.00010889739413840739,179.99981568287575
389.3252129286265,-30.90125357908288,250.7949160717816,89.99994099995834,6.0609598367882195e-05,179.9999614192198
389.08202034895885,-31.055884475800955,250.7938158376793,89.99995299994524,6.206573511769767e-05,179.99994253832162
388.61310974345383,-31.473031438108332,250.80036610422468,89.99995361115272,0.0005782039173226817,179.99871974825945
388.24135133033843,-31.74514682837472,250.80151157989667,89.99995495867465,0.0006970809609047473,179.99843877384745
387.99867674216665,-32.02226496871333,250.79650556133643,89.99994531143444,0.00026340193708348635,179.99947612899493
387.8782128711522,-32.15816302170397,250.79542112852178,89.9999319999632,6.31867760266408e-05,179.99997140924293
387.5287892462682,-32.44715021200251,250.79380941424074,89.99995299994724,6.157462035798384e-05,179.99994469569558
387.30950456924404,-32.68895213294101,250.7941159947796,89.99994799996249,5.7223480807738015e-05,179.99996280302827
387.0787291846803,-32.86214133199154,250.78944950881777,89.9999469977858,-0.00033152878727715605,180.00087292347746
386.7549665110566,-33.219228495873416,250.7926359529187,89.99995399992434,-6.982294358284795e-05,180.00024962699058
386.49375986414566,-33.491841445938725,250.79357544432412,89.99995100001826,1.983378203620581e-05,180.0000451747526
386.1757185846445,-33.84890314459348,250.7935522576486,89.99994999995576,5.956510259255829e-05,179.9999552700619
385.4920882995995,-34.65144840076264,250.78818993117724,89.99995358688301,-0.00034017398773815297,180.00086867155287
385.10355338909517,-35.01607521541127,250.79166331645698,89.99995899994734,-6.067837800813722e-05,180.0002213661722
384.87124770442415,-35.35765043291119,250.79364884189465,89.99994400002244,2.2830750587870388e-05,180.00004892257357
384.4574696920769,-35.80860980392459,250.7936489021122,89.99995599994716,6.119128391181184e-05,179.9999427843839
383.82838144255993,-36.31949019001057,250.803628497336,89.99995856759581,0.0008565633301658579,179.99814396642762
383.42173655772524,-36.4784996968501,250.80150974521052,89.99995680600185,0.000725889859828891,179.99843953169412
383.05756932815865,-36.75673563882977,250.80075031858385,89.999953001936,0.0006831131616481191,179.99854870343015
382.80406836669005,-36.97781234684137,250.7961775934549,89.9999509986277,0.0002671219750879902,179.9994905843805
382.3019934565512,-37.08879599516495,250.79278725533115,89.99996499993249,6.52007433901749e-05,179.99992312047814
381.94649089751044,-36.92798484253536,250.79204949103823,89.99998199994042,5.799785997511174e-05,179.99991418480272
381.7055181345186,-37.159509635390066,250.79392952599784,89.9999493786218,5.195076197591715e-05,179.99997695356112
381.36600474375956,-37.28302844254561,250.80093897581378,89.99995795408316,0.0007518989260387304,179.99840374810663
381.1165503614133,-37.35829060708427,250.79343010427863,89.99995799994615,6.153058671238605e-05,179.99994101706284
380.9334712125329,-37.512449238604056,250.79387387026603,89.99994799994712,6.508195331940224e-05,179.9999503075513
380.6816215690646,-37.570663850498136,250.79042185530804,89.99995999900158,-0.00022897281768907,180.00058596771123
380.3922335328242,-37.700511478337766,250.79382185455344,89.99995271912967,8.465783304179356e-05,179.9998998682768
380.00140212945746,-37.931807489842676,250.79324497779422,89.99995699994223,6.383651034496457e-05,179.9999388616323
379.58681626158324,-38.02168284293988,250.79300239055834,89.99996599994235,6.138613543230931e-05,179.99993228927488
378.8765899039559,-38.230670289252004,250.79359299736547,89.99995199994468,6.512113447436993e-05,179.9999461090179
378.51787976903614,-38.256044048500506,250.7929951327948,89.99996899994342,6.059867911568142e-05,179.99993198676597
378.0858598481873,-38.45352923739502,250.79317060023777,89.99996399994421,6.124123648547926e-05,179.99993560659283
377.4286162324614,-38.54894761880488,250.78153716559655,89.99996892423468,-0.0009316880706980138,180.00210064357552
377.0923089556802,-38.571094704121734,250.78343407820853,89.99996799992577,-0.0008987466683638566,180.0020275061942
376.04382597796587,-38.6557578664985,250.79414902097102,89.99996999897175,0.0002341319885241419,179.99955279669626
376.0294685297498,-38.65786426427898,250.78961557474616,89.99996999859432,-0.0002680041103782433,180.0006458136782
375.4134321200641,-38.657121505555615,250.79254603601674,89.99996799993946,6.258503556514169e-05,179.99992863394885
375.1250473687759,-38.72134991866685,250.79150356442625,89.99996199989825,-7.963889421146965e-05,180.0002478395781
374.8203899583607,-38.76552506181285,250.79790880347542,89.99996428685017,0.00043124695095608735,179.9991375928791
374.55287076351385,-38.77146444005951,250.79305485407588,89.99996299989775,7.96203844753656e-05,179.99990094478514
374.3816661686119,-38.79926517068303,250.7931674170605,89.99995999994218,6.38782944072022e-05,179.99993809229895
374.12564275669024,-38.81127510408033,250.79253790788525,89.99996499995032,5.935812799887625e-05,179.99994299085
373.7343164040491,-38.86757464906205,250.7897665345209,89.99996699896148,-0.00023655256787007535,180.00058062821233
373.2109396117167,-39.01220790690769,250.7929597196959,89.99996599994321,6.211980923845952e-05,179.99993513761316
373.0036940743336,-39.2261952386353,250.79373123655807,89.99994899994633,6.617086229536186e-05,179.99995028665194
372.6553023352024,-39.49182952255272,250.79339126349637,89.99995999994619,6.242154471485893e-05,179.99994196078302
372.30939094399247,-39.66904056872861,250.78692295999195,89.99996093251951,-0.0004973094860396478,180.00113935322562
371.96221464960365,-39.75566948768496,250.7688006697485,89.99996027776173,-0.0019440439813063451,180.00421975540277
371.00879051504353,-39.84913438652575,250.79542864254756,89.9999709972512,0.00038585458545780554,179.9992410370807
370.4533009118428,-39.95830980722268,250.7824151925943,89.99996798271722,-0.0009669214577697489,180.00211555177927
369.88987138017893,-40.18792204759844,250.78689989803672,89.99996699454265,-0.0005447236840962087,180.00121786819244
369.50534080764163,-40.29343117580054,250.7810166859087,89.99996296843737,-0.0009518268234988945,180.00207978506333
369.1610887558471,-40.47398396762776,250.78552895007283,89.999961827146,-0.0005765318753189856,180.00128829286064
368.859064485352,-40.630036877781066,250.7839338274879,89.9999593241214,-0.000687004064778708,180.00151853995982
368.4843002876667,-40.82656297729775,250.79524420612765,89.9999589077107,0.00024356313863958522,179.99956619003072
368.50609910370787,-41.014204053696005,250.80839330297107,90.00000499993449,-6.051422609916075e-05,180.00010444862252
368.17883775752125,-41.18024755291105,250.78748598416533,89.99995999425695,-0.0005623812181167481,180.00124884742837
367.81312869462045,-41.24199980174883,250.7828478252748,89.99996702878823,-0.0009311889086312576,180.00200724211115
367.3779294209738,-41.25159496726132,250.782374644835,89.99996997881293,-0.000941737494814048,180.00202316063917
366.7341338222104,-41.397754129495,250.79328223120396,89.99995999994537,6.402149116603829e-05,179.99994315592704
366.40328418684015,-41.514825686037,250.79278151083878,89.99996299994018,6.576997451729957e-05,179.99993736366545
366.08114833883934,-41.68876867260153,250.7931885972476,89.99996199993261,6.894373567943146e-05,179.9999309702296
365.51139818780644,-41.94328266683637,250.79322100281098,89.9999689998863,8.411122814288385e-05,179.99988913186522
365.26388797888916,-42.01807017486211,250.79323400446242,89.99996399994521,6.329279915218472e-05,179.9999407039502
364.831747492507,-42.14147265754954,250.7926699660828,89.9999659999412,6.41753518845198e-05,179.9999344883401
364.234845401879,-42.23282279098452,250.7717787676386,89.99996986193479,-0.0017178241725642452,180.00357952619308
363.80789697011124,-42.42231842156602,250.7894447822031,89.9999693225135,-0.00030635175370013947,180.00068727948567
363.0665560752749,-42.3585091108221,250.7950053592603,89.99996899815277,0.00032331877021054585,179.99940289878418
362.7621392071825,-42.583661880354875,250.7827723913454,89.99995818766536,-0.0008950209974887564,180.00189695897342
362.40358316131875,-42.6903188246789,250.79904237475247,89.9999616774575,0.0005776363236634323,179.99890153993366
361.60680057438947,-42.8252991956349,250.79482465743408,89.99996599880511,0.00026185407159308476,179.99953756127866
361.08777328853944,-42.86311130975099,250.78658027211054,89.99997199429416,-0.0005697472845373062,180.00120991622444
360.4316592208475,-43.282557410878134,250.79367757392717,89.99996299961167,0.00015230313318702638,179.9997674568941
359.561216699213,-43.435635537780676,250.78529420173874,89.99997047973402,-0.0005825786635337347,180.00122837780458
358.96907974592364,-43.16778276410712,250.7918524493491,89.9999919999474,5.6342655012017434e-05,179.99991636684226
358.65108531392775,-43.25195414593505,250.79280864260656,89.9999669999432,6.443356387297735e-05,179.99993832086415
357.9690368928916,-43.37486697268427,250.80765073545763,89.99997098570412,0.001340091903470184,179.9973921813723
357.5294396242509,-43.4875602375777,250.7924001784319,89.99996600001091,1.580284047559302e-05,180.0000344496092
356.6733027922629,-43.490462489040354,250.7922487358561,89.99997100000918,1.5751521518190113e-05,180.0000311012022
355.89267752068804,-43.62654718531604,250.79323285063248,89.9999719997753,0.00011740484046656092,179.9998282886517
355.4268895885404,-43.82058208152583,250.7860418951662,89.9999689922528,-0.0006721527868646956,180.00138656322926
354.6062410435294,-43.937668516766124,250.7925641306825,89.99997299994419,6.268327833512116e-05,179.99993428822083
353.983143158757,-44.04906909658664,250.79273115278178,89.99996799994324,6.494619278869656e-05,179.99993886088006
353.423823107011,-43.92233373599174,250.7918473176881,89.99997700000647,1.4007308541927774e-05,180.00002588986897
352.38021563286077,-44.20589789370775,250.82446997589335,89.99997357410652,0.0029480191455085853,179.9943281013825
351.65927268005584,-44.32215886745405,250.792481693504,89.9999719999432,6.389456832340316e-05,179.99993507324058
350.77853377512145,-44.51910858901839,250.81844471036308,89.99997190439109,0.002383196165937588,179.9954615979501
350.1980279407585,-44.58045811404807,250.79262259346606,89.99997299994614,6.268740875871812e-05,179.99993790902863
348.6212614271135,-44.78397686832062,250.79276659792055,89.99997499994898,6.06223263998097e-05,179.99993804087254
348.0919122462339,-44.904794981534764,250.77691649644368,89.9999707902779,-0.0013622958447592746,180.00265939298757
347.32489446445885,-45.23432941546691,250.79270331933324,89.99996999994522,6.434935546023303e-05,179.9999400903981
346.8727614989915,-45.23290072298987,250.78528407134354,89.9999739917829,-0.0007054124151010786,180.00139266475463
346.0468029598546,-45.32863115861316,250.7854645979904,89.99996884549688,-0.0006399565358573057,180.00127431449445
345.6131005331333,-45.374876453263795,250.79264686472325,89.9999719999452,6.410353498458225e-05,179.99993892024216
345.2542069906812,-45.44878570212255,250.79266630698038,89.99997099994526,6.456095003155167e-05,179.99994031848095
344.8645857242689,-45.43388041696038,250.80106750327724,89.99997231237657,0.0007978641143643835,179.99855941138784
344.26384777385937,-45.54389795782495,250.7930055952172,89.99997199995006,6.189610293907254e-05,179.99994348564323
343.7700994596465,-45.59677195970192,250.80563107355454,89.99997276278233,0.0013442480164627731,179.99754592986307
342.89938032673206,-45.89028007559933,250.81316549798154,89.99997293908324,0.0019370602043728155,179.99645472177835
342.3882668444869,-45.86792239112757,250.79257390185862,89.99997499994709,6.2711446693699e-05,179.9999383579443
341.60431514301416,-45.889215166454186,250.81079267138924,89.99997492142698,0.0018701690742040802,179.99659266219336
341.13335352564883,-45.95322170153584,250.79226523334458,89.99997300000949,1.1598218360475067e-05,180.0000354561404
340.47499046540804,-45.957164761685746,250.79283952526504,89.99997599995088,6.099077933380387e-05,179.99994206792954
339.79373867391894,-45.99099447650013,250.79430864831687,89.99997199931701,0.00020811845338799504,179.99967560965416
339.3406390925215,-45.92227020914465,250.7918733632441,89.99997600000803,1.301684449500002e-05,180.00003061519948
338.67304040037095,-45.9172428730147,250.800399990381,89.99997199002023,0.0008504504414688574,179.99850099670542
337.7566633718412,-46.05063143704745,250.79352146168944,89.99997399972887,0.0001332456325371189,179.99981314230388
337.3151049327873,-46.3470497987855,250.8129264877618,89.99997193753603,0.0019839899656424586,179.99645059435335
336.21828017951066,-46.50666555687145,250.79284165785847,89.99997399995016,6.271450552766648e-05,179.9999443952272
335.5410355446094,-46.61810077019615,250.8035682187952,89.99997255804355,0.001074659028225043,179.99812135947934
335.0112132294685,-46.70716740041889,250.79269243860702,89.9999729999492,6.333380317180372e-05,179.99994367212648
334.64159798555806,-46.884680037324266,250.79283523597934,89.99997099994948,6.416742883444365e-05,179.9999464599103
334.4014400676945,-46.84492172715071,250.79259976290243,89.99997499994912,6.302168030175622e-05,179.99994239559234
334.0950019366465,-46.95655468351809,250.7913864438879,89.99997099981223,-0.00011337668736255164,180.00026311419424
333.4045563422298,-47.21189207207513,250.79280798545943,89.9999739999194,7.730865553054835e-05,179.99991974787022
332.71434999569516,-47.338304668141255,250.79279660327964,89.99997099994953,6.439474867826655e-05,179.99994673353476
332.67593354586006,-47.56034380096004,250.7961158710023,89.9999399999805,6.123372857717499e-05,179.99999318598682
332.2567313202672,-47.63774320690827,250.79274596530877,89.99997399995023,6.322755183452219e-05,179.9999449793071
331.3364889990815,-47.67317222252648,250.79252383162503,89.99997799995002,6.255894487127582e-05,179.99994235125007
329.9885307235736,-47.618162086838225,250.79793175439153,89.999975994112,0.0006203958273271581,179.99896473048295
329.48831955584353,-47.52892620939484,250.82623396676985,89.99997668136741,0.0033491327326798455,179.99417864643982
328.6850864505732,-47.634483595172036,250.792527065725,89.9999759999483,6.453178739148189e-05,179.99994360276148
328.02710237179645,-47.584937187910796,250.77877046318815,89.9999780683397,-0.0013480864094114035,180.00240277213294
327.0508535978416,-47.37759341727613,250.8228428842399,89.99997756325091,0.0029500768036171744,179.99491880586382
326.62216916793227,-47.325361713246366,250.80271782783137,89.99997812692783,0.0010060254145614002,179.99830403045763
326.1725688537936,-47.29180180222297,250.7958673224615,89.99997741454042,0.00035929319628307346,179.99943072812195
325.7273005971384,-47.33710998191943,250.77550163668283,89.99997626618213,-0.0016038692070386798,180.00283245685003
324.85025501368835,-47.549975432890655,250.79270089816873,89.99997599995223,6.286283688353636e-05,179.99994744523715
324.2868126399535,-47.589383065007056,250.80301188868503,89.99997598140718,0.0011135246685233862,179.99814112598665
323.8335161121373,-47.70504915248858,250.78452382398143,89.9999749912123,-0.0007672039389678697,180.00137309715262
323.0068564051143,-47.80087132347737,250.7975991455138,89.99997599564082,0.000541413251923829,179.9991303532575
322.48318682305074,-47.863626509655305,250.81303801597937,89.99997693390779,0.0020690431025828073,179.99652705282952
322.0039631236942,-48.00508571944972,250.7927688084589,89.99997399995341,6.302501478997416e-05,179.99995006156178
321.71592818630313,-48.008307135188744,250.79273721139654,89.99997499995247,6.355713570255736e-05,179.99994923100866
321.1165243721762,-48.28824076275269,250.7953160106457,89.9999615113267,0.0002481320821009103,179.99964973235566
320.89994236445364,-48.476436009502414,250.80122586381688,89.99996845474776,0.0008509307413942399,179.99863288110654
320.7157349811616,-48.74246336600374,250.79556150043703,89.9999602422114,0.0002660170202341297,179.99962496734403
320.3223915357588,-48.99704820309656,250.79313655281544,89.99997299995655,6.211890722006917e-05,179.9999543684171
319.4087989637182,-49.18761651855524,250.74422615152747,89.99997666986128,-0.0047597617348523885,180.00800230428973
318.7403829051003,-49.33368580933922,250.79088073089144,89.99997699978933,-0.00012340977753064956,180.00025834054333
318.3242779668775,-49.505535118813626,250.792889222061,89.9999739999538,6.388975173571485e-05,179.9999521032401
317.4833451464977,-49.49311224122355,250.78596704842371,89.99997756902988,-0.0006254101199590071,180.00108755817797
317.14293286734403,-49.47053367990776,250.7667664601144,89.99997690708153,-0.0025388215816558412,180.00424778254214
316.74447634548426,-49.45500767713899,250.7692684372335,89.99997692497304,-0.00228304267822496,180.00381891777363
316.3698543457368,-49.45979539037027,250.77959507042596,89.99997697738671,-0.0012545599692937283,180.00212047172224
316.0289209760993,-49.346950345147974,250.78859554401794,89.99998910000079,-0.00032307795589557256,180.00056665159443
315.7414807058861,-49.236103978067504,250.79281789290258,89.9999749999555,6.269400346702232e-05,179.99995267704665
315.48479431631347,-49.32704063114509,250.78848838532213,89.9999729979518,-0.0003793197960114405,180.00068411700835
315.2115359276544,-49.33747506686316,250.77589247921733,89.9999749572973,-0.0016259912032547856,180.00272585264815
314.91073840234776,-49.42496789450077,250.78219927410333,89.99997398331529,-0.0010112125914675109,180.00171450558753
314.30698974995306,-49.602260895324584,250.79277625410913,89.99997499995489,6.371649432598658e-05,179.99995342523923
314.2134561008344,-49.735783190394976,250.79408468023257,89.99995899996361,6.442318761534437e-05,179.99997147539747
313.39261177070216,-49.745936536405665,250.77764721711665,89.99997797148563,-0.001418385764923396,180.00235763666456
312.27556051058644,-49.747047037270185,250.79273807345913,89.99997799995633,6.220377871889475e-05,179.99995263239612
311.54732033285563,-49.776040371120025,250.79430815928018,89.99997799931174,0.00022291495421219442,179.99969369708765
311.1187324795937,-49.47917488087888,250.8136811416159,89.99998214504498,0.0021626474846073644,179.99656080348444
310.6888159683455,-49.390765964815095,250.82686067900545,89.99997973426505,0.003493196326754922,179.9944227678988
310.2952039194788,-49.43835134236312,250.78988599956847,89.99997853577665,-0.0002676546783269103,180.00048330635053
309.6684372669367,-49.564766965781956,250.7929570441842,89.99997599995845,6.166243896255784e-05,179.9999559688331
309.24624002444244,-49.53496309333881,250.79286753560365,89.99997799995732,6.190472082235375e-05,179.99995378522124
308.87396449846585,-49.543746111248616,250.7942414015968,89.9999769994648,0.00019802087393214709,179.9997381696317
308.57263146526043,-49.63816592274317,250.79306127512564,89.99997499995784,6.261139532272767e-05,179.99995662688013
308.0422828390258,-49.802702075993366,250.79545652128039,89.99997799857002,0.00032270532623291764,179.99954375054358
307.5105084146942,-49.794352383712024,250.83798298908727,89.99997848686492,0.00464934315810385,179.99267865003372
306.74417046712216,-49.81918018557823,250.79276940794176,89.99997799995671,6.300193195856288e-05,179.9999546595464
306.34996322672583,-49.86523323196894,250.79571415896345,89.99997699860734,0.0003193680804980498,179.99955035628398
306.02682100308306,-49.934619579670596,250.77780478686307,89.99997697610323,-0.0014397773694171292,180.00232287872515
305.55814659996275,-49.89896729739076,250.7922621110888,89.99997800001101,5.325669415826417e-06,180.00004565905968
304.8357210213287,-49.91481887585768,250.79489892460938,89.99997699909152,0.000259428030929818,179.999649034413
304.5210725324413,-49.601635770319625,250.802450330677,89.99998675774619,0.001008738430316105,179.9984614362653
304.15344729934054,-49.61105593137606,250.77850202989828,89.99997693179024,-0.0014038745881454345,180.0022544097031
303.7799816321102,-49.750814739807836,250.79324509451655,89.99997199996088,6.283995836677404e-05,179.99996305220236
303.54262950068807,-49.78815338202085,250.7932258063298,89.9999759999617,6.087486692387005e-05,179.99996062677826
303.0936773944017,-49.86885485916179,250.80685364341298,89.99997693949204,0.0014189375711422625,179.99784819362233
302.80877005127104,-49.85846092649595,250.81538367317125,89.9999778076402,0.002338862975809344,179.99641858450735
302.32502655914675,-49.865338845826685,250.79291705243645,89.99997799995903,6.26012580673225e-05,179.9999582617383
302.1784313405286,-49.93682029017463,250.79347661153574,89.99997199996373,6.134683291668642e-05,179.99996580108012
301.1332132637912,-49.86583791587616,250.75358915816048,89.99997976101595,-0.0038796552096634976,180.00603957490432
300.14472057682315,-49.88964233779589,250.81859429220142,89.9999782354119,0.002740239376784943,179.9958425103247
299.3411208408412,-49.812428163503526,250.79301724434794,89.99997899995684,6.371665787473251e-05,179.99995543763754
298.94297636864064,-49.3941322053192,250.8114274931704,89.99998471569448,0.001885317606505842,179.99715567246238
298.22951360297577,-49.320362909216264,250.81524328341652,89.99997813512965,0.0023789554916138628,179.99641499404163
297.93625295366485,-49.345507512729895,250.80894752647842,89.99997714849812,0.0017199876225438963,179.99742858657785
297.6387269598007,-49.334890734071266,250.81043930990234,89.9999778904451,0.0017937021429136218,179.99731858701918
297.4479818482748,-49.324964537629654,250.79466125595283,89.99997599947363,0.00020124724521923678,179.99974950645
297.2646249266463,-49.30200325300979,250.79302183705605,89.9999769999604,6.268077892464958e-05,179.99996099809206
297.01272540971735,-49.277774236172654,250.79295816265616,89.9999779999723,5.454050049280443e-05,179.99997161960954
296.8193428343302,-49.26270877605631,250.78333086197475,89.99997698447218,-0.000945663550355887,180.00149484359957
296.63543824915973,-49.39748951114274,250.78609442760836,89.999974270589,-0.0006526240210944597,180.00105020308445
296.2087786721201,-49.298383843571244,250.79291894104583,89.99997799996103,6.192754409708022e-05,179.999960579456
295.57280809223016,-49.31225117417527,250.79309661704934,89.99997899996279,6.043360382160898e-05,179.99996120391012
294.910507472344,-49.34052640765929,250.79291091775212,89.99997799996109,6.203550957176883e-05,179.9999607495778
294.5102703764322,-49.37312342702308,250.79314143000826,89.9999779999629,6.096418715324404e-05,179.99996247177202
294.24047976541465,-49.26470994095951,250.79295505953192,89.99997999996171,6.12484916341661e-05,179.99996026527674
293.68546104426895,-49.30351007125523,250.773060351153,89.99997794247857,-0.0020966179074173134,180.0032004199321
293.0032544296788,-49.36642039272516,250.79356176010725,89.9999769998763,0.00010215651415147548,179.9999030602417
292.74135799578204,-49.31816804479632,250.77415598134388,89.9999789519409,-0.0018336091386395752,180.0027926727349
292.44442747860256,-49.39291269579933,250.78352806684717,89.99997799065504,-0.0008481176905733203,180.0013196250199
292.1259821663357,-49.386112287839666,250.7910400553373,89.99997799975503,-0.0001405244550237216,180.00026339156227
291.8490015926143,-49.42329251022026,250.77818650455092,89.99997698737519,-0.0013795867359383469,180.00210763203077
291.51951905313706,-49.36702341087814,250.78331790750852,89.99998209971335,-0.0009622729657783355,180.0014766542549
291.09649736682,-49.24237555265727,250.7932217616228,89.99997899996477,6.0092970096734585e-05,179.9999645340298
290.5377864192707,-49.237676946210755,250.82182993098107,89.99997771800636,0.0030720047980148,179.9955089943342
290.1377254116943,-49.2029707595086,250.79311887583734,89.99997799996342,6.154815730330753e-05,179.9999643794387
289.63729002185715,-49.13000038569569,250.79323201762577,89.99997899996485,6.018856431999162e-05,179.99996469650526
288.986369293347,-49.31471697150361,250.7925957488802,89.99997699995825,6.63775608546913e-05,179.99996293223163
288.5405342745232,-49.327912268095695,250.81498488001802,89.99997893324849,0.002139191892712172,179.996919947949
288.1774399459245,-49.17495766872688,250.8193569287464,89.99997975177419,0.0026689433078573325,179.9961447109365
287.43681754052693,-48.96878436552879,250.77163500901034,89.99998032421125,-0.002302294253140241,180.0034189456694
286.7092247194604,-48.89336068555157,250.79336720651574,89.99997899995053,6.953342977389193e-05,179.99995339848556
286.1184665857499,-48.79658921947369,250.79310071469217,89.99997999996448,6.123869712526871e-05,179.9999656514628
285.5149920386537,-48.793906114910854,250.78768684731395,89.99997944639708,-0.0005651924612608188,180.0008743319311
285.1437565178969,-48.779687555137116,250.77838594286166,89.99997959766256,-0.0015957037782643978,180.00236510966099
284.62352917866184,-48.48484266769885,250.7928025557431,89.99998499996401,5.9730337712239974e-05,179.9999610476351
284.44668228404464,-48.44368029031734,250.7931746198257,89.99997899996492,6.157860339198292e-05,179.99996719640782
283.9325183866731,-48.33885055007223,250.7931939765547,89.99997999997768,5.2360605371998285e-05,179.99997949467692
283.1701553773866,-48.276460406687264,250.78996669979537,89.99996899992595,8.994609446104396e-05,179.99995289691836
282.50033543967027,-48.144922722798825,250.78083827087977,89.99997402521413,-0.0008683841977218954,180.00131528685966
282.0745548507988,-48.02119011786629,250.79316695167392,89.99997999996592,6.113310279449268e-05,179.99996825501867
281.48121363535347,-47.84573621832593,250.7919905206174,89.999975999953,7.155366133911414e-05,179.99996214404166
280.9868295564768,-47.857573136332675,250.76954075273295,89.99997800668078,-0.0023305124936490182,180.0033859130134
280.6916280772026,-47.83246409496042,250.77659789615137,89.99997897267228,-0.0014816386642252926,180.0021702973101
280.283552758537,-47.88320212262035,250.79337748857117,89.99997899996772,6.009576734923897e-05,179.9999701084864
279.85347340396845,-47.8381375126109,250.7941814236535,89.99997899982773,0.00012206786961313032,179.9998821058865
279.65248890468064,-47.85618708368293,250.7934014828697,89.99997799996818,6.037719348402703e-05,179.99997158179187
279.35631634318327,-47.73487482993552,250.7742317240067,89.9999802149519,-0.0019007225774595091,180.00275226575062
278.8936433254777,-47.494066234464206,250.77800665668138,89.99998092138671,-0.0013854731222882513,180.0020190592456
278.3835319218201,-47.321485468342956,250.81560775487245,89.99998057328268,0.002274461139374446,179.99683260528255
278.16589422330753,-47.124990165667896,250.81208758218483,89.99998420807032,0.0019950902322750925,179.9972232933709
277.91154486561777,-46.96338460794349,250.79721508901503,89.9999811374535,0.00041192706491127284,179.9994695298856
277.57850358234714,-46.80922220701783,250.8096668155694,89.99998097035903,0.001549158198281587,179.99786031807645
277.3475390914392,-46.555334367064475,250.79874246818744,89.99998597823213,0.0005659934103045749,179.99924592595127
277.0262960870401,-46.34357595299313,250.79330647768333,89.99998099996904,5.877417677019187e-05,179.99997049413315
276.81233229529676,-46.19500050156633,250.7933558643073,89.99997999996948,5.9014658894583616e-05,179.99997188825733
276.63844576694294,-46.26658310979055,250.79359659800937,89.99997599997045,5.951105452316841e-05,179.99997471295904
276.4283719479982,-46.24825332911818,250.7935416059453,89.99997999997034,5.8466568278551785e-05,179.99997276655668
276.13722948339796,-46.17932938290715,250.79336736450335,89.99997999996826,6.0450589984608306e-05,179.99997173825463
275.85338866731723,-46.00870186855768,250.7909384597301,89.99998158943332,-0.00021051277013329377,180.00035077483597
275.58589212723757,-45.929114761544135,250.77251274939528,89.99997955797417,-0.002278177908961898,180.00326997883968
275.09411169172245,-45.548991899927906,250.79586380283635,89.99998599893036,0.0002961903654347056,179.99963139760894
274.48550197985077,-45.11731971049346,250.8208704980603,89.99998088860269,0.0030079150883662205,179.99581041551934
274.2127958133185,-44.94341685858861,250.78537277183665,89.99998099106419,-0.0008525178135302099,180.00125812609966
273.9302302775843,-44.78180555347212,250.76618107067566,89.99998073132672,-0.0027124712468827995,180.00388173117543
273.6421705342644,-44.68503868495034,250.7794865444431,89.99998012096873,-0.0012554199272016313,180.00182609106338
273.15891967056416,-44.45266893993397,250.8200932311664,89.99998006777955,0.002662308090376531,179.99630709927683
273.0071849097054,-44.232299234761484,250.79310957183998,90.00000799985123,0.00011134536216375843,179.99986207251374
272.795988558179,-43.99781096916556,250.7934071720902,89.99998499995175,6.820894345945831e-05,179.99995264107253
272.6377779953175,-43.88206822408426,250.79325761897132,89.99998299996993,5.825751594567344e-05,179.99997143320334
272.26164594854293,-43.66074249103,250.7932642031962,89.99998299996909,5.884032179060388e-05,179.99997062626164
271.9005052610999,-43.38336798695678,250.78863158681975,89.99998219674825,-0.0004598875618007413,180.00070360353592
271.29207304950677,-43.382355076725894,250.79121978189832,89.99997099993602,8.583024915081844e-05,179.9999599224552
270.60436479159813,-42.81391982446104,250.8059822306967,89.999977967707,0.0016224230727337962,179.99778438710916
270.29920971247776,-42.55905841980858,250.7538705297391,89.99997657400938,-0.0038629558400133175,180.00550571577276
269.4913614058775,-42.165830247039445,250.79063107697985,89.99997199994212,8.375355852978511e-05,179.99996509524962
269.0260800681181,-41.90318939834068,250.79069563143958,89.99997199992185,9.310258715893182e-05,179.99995199510042
268.67585115993126,-41.778567682208966,250.79400207723606,89.99997699952893,0.00020027713744547558,179.999787364858
268.2916521827616,-41.649738344090395,250.83017622705106,89.99996742441594,0.004479498344127517,179.99381210548842
267.98068905852807,-41.53140035057487,250.7522863430993,89.99996449286208,-0.0038893813563205372,180.00555064152604
267.62136848430646,-41.339793575592005,250.78304472764424,89.99996599001142,-0.0003961293634623256,180.00065387996042
266.8417534048763,-40.66479227128552,250.7521957852582,89.99996662989093,-0.003816268036453926,180.00545092635372
266.48528983479173,-40.379553738591646,250.7717990516714,89.99997001291338,-0.0014391863657356012,180.00210205739046
265.85088495022643,-39.7055182818872,250.81502135275397,89.99997485426628,0.0027427197209601907,179.9962261324029
265.29289767384483,-39.47126309909041,250.79066304885006,89.9999709999424,8.4836127592776e-05,179.9999671544259
265.0379497108647,-39.418827271389574,250.77489771014072,89.99998026946753,-0.0019986760563216036,180.0028585002355
264.7994473026755,-39.3088862493691,250.77891884188196,89.99998130864665,-0.0015523248143822766,180.00223160526315
264.56593742539883,-39.24996855058595,250.7809739157814,89.9999801473782,-0.0013246251406023445,180.00191661326528
264.3421973880704,-39.28179307393713,250.76581690978668,89.9999753115911,-0.0026098280657769,180.00371882359624
264.0762257658876,-39.167193349636854,250.78089311378193,89.99997655114342,-0.0008740151023907837,180.00129444103496
263.69667835190944,-38.90580661354909,250.7882158145261,89.99997301300093,-0.0001267441075710029,180.00025977732335
263.0742927177442,-38.476687100236205,250.82085205386522,89.99997032743701,0.0033992447472847936,179.9953420946437
262.76414686422555,-38.399439594245955,250.77748185923303,89.99996484495003,-0.0012135663839376752,180.0017984574536
262.4836960210942,-38.34987928510162,250.7627254919589,89.99996185892647,-0.0021062107418753167,180.00304929119326
262.0612934122314,-38.25166472317737,250.7873856696371,89.99995899989763,0.00011601877558234925,179.99996024268475
261.39373263437307,-38.034488070169324,250.74449143338,89.99995430645865,-0.004120743208608272,180.00585989895723
260.72790617373437,-37.583989339657585,250.8257642770812,89.99996625314753,0.003903643420283657,179.99468578495038
260.4564933871286,-37.34138310127215,250.80272785852398,89.99997427658035,0.0013630915038350226,179.99818928240774
260.2018095719281,-37.200879046245795,250.77942297645777,89.999975050224,-0.0013170401907611016,180.0019087743349
259.697748244322,-37.122483653323506,250.79061240109823,89.9999689999369,9.076213075248151e-05,179.99996827254972
259.30906192134876,-36.971292383296884,250.78872424400245,89.99996399991969,0.00010422429982301298,179.99996673898005
258.97776764326153,-36.90212954182405,250.7898412933504,89.99996699993504,9.4107571297742e-05,179.9999705761128
258.69332636391135,-37.020696182983556,250.79011397781602,89.99996499993833,9.399884058664421e-05,179.99997428583185
258.36695490705745,-37.005109018807154,250.78832130424726,89.99996899984181,-0.00012688018948170082,180.00026750367752
258.04800110283463,-36.94623366025993,250.7898386861171,89.99996599993615,9.440192315867852e-05,179.99997221012734
257.8812229034408,-36.83869136252769,250.79298190378324,89.99998100001436,-5.803111672500918e-06,180.0000683233123
257.6532474867108,-36.84719052184554,250.7787065523145,89.99997596641765,-0.0012005374725302645,180.00172117668336
257.4273064851559,-36.86027122104378,250.77676215220828,89.99997394021814,-0.0012749609413081223,180.00182736849032
257.175605414175,-36.7915231164257,250.78112840797672,89.99997301945376,-0.00079726705505875,180.00117488016667
256.82357344815057,-36.6168704346979,250.79371940683538,89.99998399997538,5.6276097959136504e-05,179.9999792221297
256.6082690076495,-36.351104977881796,250.79423084644964,89.9999839999191,8.856189192362695e-05,179.99993462005082
256.48290899009885,-36.186202371722295,250.79359114602894,89.99998699997614,5.370142445318804e-05,179.99997728091068
256.1494997349117,-35.99366844177634,250.7897832247058,89.99996799993623,9.444398108549348e-05,179.9999723533988
255.7540122218529,-35.82573556915902,250.8298045847948,89.9999518234571,0.004793344046906323,179.99358313061597
255.06175449166585,-35.39519845122257,250.78220976562577,89.99994499973837,0.0001812986224066029,179.99992954378976
254.62169742303976,-34.79192872648529,250.78800248811717,89.99996999991475,0.0001059161238140759,179.9999633683519
254.21973173023488,-33.88157686702442,250.77988018956847,89.9999884082583,-0.0008796452106241302,180.00127949044142
253.8324256537034,-33.5038008029391,250.78800663531726,89.99996599991346,0.00010928209333150449,179.9999668424336
253.4440871369511,-32.97370424853996,250.77927114542047,89.99997935534722,-0.001385180817257305,180.00198795922435
252.96130898456465,-32.687774631031026,250.7887124706053,89.99996299992212,0.00010655061057927712,179.9999722156961
252.58131919659078,-32.530008847012354,250.824292206023,89.99994958176222,0.003955146310646627,179.99470151970607
252.4058804292883,-32.54798393567556,250.78357907149717,89.99997884919927,-0.0007940723600564474,180.00116472598296
252.18464141667678,-32.48269112539935,250.78509018888113,89.99997199794487,-0.00041701075296129097,180.00067197617545
251.81428377156945,-32.415242088615,250.78558604074829,89.9999509998751,0.00013733882852238382,179.99996758015445
251.56815540296412,-32.344672555143546,250.7904471262093,89.9999679999453,9.029358565414577e-05,179.99997790772716
251.1003125841277,-32.12283980391672,250.8166052954874,89.99996594787497,0.0029525167190365166,179.99605903445342
250.87505222307865,-31.999024685041665,250.80568372633454,89.9999703552234,0.0017076608739890634,179.9977566516595
250.66843494117313,-31.792268649175398,250.8081610113843,89.99998076459346,0.0016960109261077569,179.99774281544111
250.19932884335034,-31.41435888518401,250.78316227787224,89.9999682661549,-0.0006724935995642326,180.00103140700728
249.92908107782392,-31.278089744294622,250.73983296184426,89.99995775466623,-0.004676903207780164,180.00656564372252
249.20820751745825,-30.86593433894795,250.80074801919704,89.99993620296081,0.0025015260931575377,179.99678400630734
248.64344593380153,-30.56341114119621,250.78807987933692,89.99995398663452,0.00031315448966119956,179.99973021938524
248.34064756203105,-30.619840719232172,250.813768665278,89.99993518032427,0.003477035135899562,179.9954414885711
248.04376931683237,-30.47749192756386,250.7836408129992,89.99994400564218,0.00016486677150669512,179.99995927873476
247.75758722670759,-30.20526676675403,250.76322678983541,89.99996020535089,-0.002429233108101631,180.00345776472636
247.53868330201573,-29.960084886389602,250.78271976436815,89.9999689982812,-0.0003846859619600596,180.0006220919742
247.13079574372352,-28.684828956331838,250.79329408839118,89.9999999999793,4.6358731425714855e-05,179.99997185985063
246.81737657058727,-28.38614875734266,250.78842437864685,89.99996599992437,0.00010701115029124783,179.9999750678174
246.604987250277,-27.8985060642057,250.77298784896124,90.00002101444315,-0.00215553783240724,180.00299083556004
246.18529780986086,-27.5303105296005,250.7873082722491,89.99997974085517,-0.0005235249885748282,180.0007969225028
246.0090375887823,-27.482428080692756,250.79841269311893,89.9999723473673,0.0008656108559804143,179.99889681506687
245.81821473618032,-27.407107285910616,250.7959350852293,89.9999711115384,0.0005923267669457174,179.999281291625
245.7211499326341,-27.323697755922996,250.79326826763142,89.99999999997941,4.632283620133383e-05,179.99997180080103
245.54477734101116,-27.11141464781728,250.80008680015698,89.99998384236805,0.0005841156691848276,179.99924329907844
245.18307740020242,-26.847261974364354,250.79187315510498,89.9999739999591,7.906502972829685e-05,179.99998239763246
245.11287743309586,-26.790867122394346,250.79424002313056,89.99998399998155,5.238526742753905e-05,179.9999872805739
244.90422003052856,-26.710209970307158,250.79062527885688,89.99996899995026,9.053708988580413e-05,179.99998402957527
244.6658554833577,-26.47112338589169,250.80128390682583,89.99998414671181,0.0008745599561413519,179.99885511647255
244.23308607850853,-26.062104926300563,250.78883918438171,89.99996547494624,0.00013576785771634458,179.99994107322814
243.95662647584692,-25.761147102841885,250.743297360422,89.9999553803593,-0.00397360790825336,180.00566859668618
243.33643339411773,-24.953619605706965,250.81881581466016,89.99995741855452,0.003660453786708963,179.99507664808593
243.0237346187466,-24.623868686120634,250.791243717502,89.99997399995807,8.18911261238394e-05,179.9999837565102
242.816183657867,-24.424286050961918,250.7930185857893,90.00002199998235,4.056618405775327e-05,179.99994603203834
242.66343255207556,-24.329627445439296,250.79299925520965,89.99997799997334,6.699276211533872e-05,179.99998904691967
242.6122363431045,-24.228530575350817,250.7929989757808,90.00000899998113,4.1713534603768526e-05,179.99996594150605
242.25658543976368,-24.03705606143725,250.7867701990229,89.99995833186348,-4.878069919814684e-06,180.00015526951537
241.901433759692,-23.309028330629236,250.809025036403,90.00003397697127,0.001374777025039291,179.99809439969562
241.80713648881738,-22.696594103223564,250.80011717162793,90.00004258911532,3.676960042851878e-05,179.9998733603509
241.7249007495035,-22.172253026109722,250.7992204470349,90.00004899562352,-0.0006007049279041392,180.00072803958543
241.54870110852235,-21.147497094388186,250.80749787753896,90.0000581333937,0.0008721724731763052,179.99867037956997
241.4255835840017,-20.761927693154497,250.79191755921687,90.00005852429923,-0.0005032376657552839,180.000624159088
241.0536317576401,-19.91099136238397,250.78105497059516,89.99997701212004,-0.0006680965991609757,180.00104577394507
240.72286828423876,-19.300420178192102,250.79565248796138,89.99999699953118,0.00019576918467432638,179.99976688705306
240.60219511530332,-19.10296068850226,250.7887278740021,89.99999099737052,-0.00045845667506779847,180.00068197443628
240.5120498514706,-18.685792061972833,250.7986846679105,90.00005800002427,-4.071258577274786e-05,179.9999534437421
240.47063802647259,-18.61054941688769,250.7924083998176,90.00001699999883,-1.4872925231367756e-05,180.00002039817952
240.44484915140754,-18.460185826422183,250.79863881360154,90.00005783494774,2.705374124546318e-05,179.9998644758169
240.33006798274332,-18.284854831002708,250.79428932650694,89.99998799996285,5.91259675341945e-05,179.99996622008095
240.22031311545697,-18.153011843300074,250.79788501428268,89.9999921358047,0.00047263503745567214,179.99937124121917
240.17528202128003,-17.986451274957727,250.80547926786713,90.00001799998346,-5.230314993306872e-05,180.00000879660888
240.13459474156036,-17.830339305980655,250.79760889593499,90.00005800002619,-3.241322807212644e-05,179.99994841141188
240.14209693913017,-17.425879815984864,250.80313246004528,90.00005187114128,0.00010654488608990282,179.99974753545143
240.10707013385445,-17.1682109654765,250.80326959125787,90.00004502977467,8.738309816372536e-05,179.99977089026652
240.0489687415342,-16.569739509926166,250.8027315958865,90.00003092620122,-0.00017259784127564173,180.00016531525515
239.8769423069443,-15.603340414656351,250.8089596985177,90.00004767370069,0.0006135617186769251,179.99899476300183
239.7938807744572,-15.252547295468718,250.80226056471798,90.00004800004011,1.707142838830303e-05,179.99987061858403
239.68604637411676,-14.871513200583943,250.79803783909182,90.00004641153592,1.945088139997036e-05,179.99989483892065
239.61366076519803,-14.528773364527238,250.7986957678472,90.00003848130112,-2.2684399406995014e-05,179.9999686646476
239.5995404405583,-14.20143406328024,250.80407671334905,90.00003120499059,-5.14007982693642e-05,179.9999885599897
239.50657539404463,-13.87724692537261,250.8028322546928,90.00001903844102,0.0006109932318662222,179.99905909683054
239.42122874240238,-13.619891351935381,250.79833887890663,90.00005806319943,0.0002565673368650924,179.99955606456336
239.22579407303735,-12.984682216869851,250.80240397590575,90.00005299438114,0.0006564179567072941,179.9989429001715
239.16444423795176,-12.763734068301446,250.7974639265176,90.00006000002726,-3.415014947211401e-05,179.9999484367642
239.0978452528346,-12.480853938620442,250.79797591709095,90.0000558630807,-0.0002223769814361918,180.00023166347418
239.04721956265269,-12.120563892588041,250.7913571034137,90.00003599005936,-0.0008693244085954311,180.00124898337168
238.76373160889014,-11.719446372768116,250.78969067516832,89.99997499994188,9.282611831025913e-05,179.9999774542269
238.65618354374203,-11.218499544509086,250.8033050416471,90.00003900003674,-1.8595529273594562e-06,179.99990692608156
238.56879800954485,-10.976896345436813,250.79429288642197,90.00005100001675,-4.807067925719232e-06,179.99994178581005
238.55161659343125,-10.463942510302646,250.80306046552548,90.00004299782356,-0.0004101866297048808,180.00049694785633
238.45217806957328,-9.529506284879448,250.8079452049211,90.00005161157364,3.421076039138561e-05,179.9998072488844
238.36158811257863,-8.687911940896392,250.809525594419,90.00005200009059,2.8353052334175145e-05,179.99979621292604
238.41813287088414,-8.359190316235916,250.80928993996244,90.00004499995136,-0.00010310457911889736,180.00000504435585
238.57817970885745,-7.985973880288469,250.80249215715634,90.00004377809982,-0.0008035235807631609,180.00110426150042
238.85925023844942,-7.767414476825481,250.79993267605798,90.00003699860036,-0.0009076929019819075,180.00127869454096
238.92448835056553,-7.640278556127186,250.80354367003594,90.00002299955386,-0.00018686417741379114,180.0002039139572
238.98499624838516,-7.582779161615939,250.80510301530128,90.00002099998454,-5.368731601152497e-05,180.00000613774975
239.05969245920846,-7.516150870699563,250.80567214926708,90.00002199999244,-5.042885425036493e-05,179.99999598805738
239.12209547795354,-7.482334549051815,250.8032067654573,90.00002399955902,-0.00018425991407685838,180.00020939787885
239.2717856131503,-7.421781165992736,250.81747744316885,90.00002671898328,0.0008174624120916945,179.99858614629628
239.42245609900834,-7.267204382327081,250.81889343009368,90.00004972134305,0.0005415945894982076,179.99896936761922
239.5476307570459,-7.081163025841294,250.81100902325647,90.00004195987987,2.875073739717267e-05,179.99980795743411
239.65394737578808,-6.881067397787404,250.81490097456094,90.00003857334865,0.0003631123073813248,179.9992655650052
239.7771131014078,-6.684827260577167,250.81476182877816,90.00005499192777,6.639521131571566e-05,179.999703932357
239.84729872926567,-6.424397044476558,250.80890651457344,90.00004175363138,-3.093068906863875e-05,179.99992008767288
239.90452727991692,-6.171348419845044,250.80491533969146,90.0000239999858,-5.4271599804403915e-05,180.0000038201214
239.986593482513,-5.9330838454082935,250.8087195740058,90.00003899995556,-9.295022182500371e-05,180.00000923342205
239.99584245189115,-5.784144792685125,250.8045494742207,90.0000269999881,-5.437738955510678e-05,180.0000003152469
240.01827578147092,-5.68442112094483,250.80718343074216,90.00002898191782,0.00018952729498740792,179.99960727219292
240.07653679667897,-5.54322146847661,250.80484029325262,90.00002317810545,-6.113586694811607e-05,180.00001686901632
240.08431606532392,-5.440429177714239,250.80161007128493,90.00004900000845,-5.468098568661633e-05,179.9999743292077
240.07262179443484,-5.407743842883897,250.7977046475539,90.00006000001382,3.8701880764891766e-05,179.99984292428618
240.21237050215834,-5.665223450622272,250.8065491342776,89.99999699998101,-4.178372803102357e-05,180.0000293789055
240.1969777937144,-5.616815648879632,250.79948960872372,90.00005700004229,1.5124527172282932e-05,179.99986832252182
240.2541344303676,-5.480122142058898,250.80434067002506,90.00002899998884,-5.4699929782079175e-05,179.9999990421298
240.22263895922973,-5.386275539959013,250.7975356868532,90.00005892785734,-4.40146948549096e-05,179.9999651384224
240.21503144081586,-5.332446217548122,250.7977999323185,90.00005900002355,-3.8141334746232964e-05,179.99995522011227
240.17501664131066,-5.12998995937302,250.7993868843947,90.0000570000217,-4.663305142855456e-05,179.99995942465588
240.21561058865873,-4.729458879923014,250.80815196658162,90.00003699996104,-8.739453680232154e-05,180.0000084376905
240.35549530650312,-4.660829537709938,250.80999343820375,90.00003500004979,-3.542409470698044e-05,179.9999267627272
240.39966239710463,-4.4204185336519535,250.8030554796973,90.00003999999845,-5.4921019728283966e-05,179.99998626386437
240.56023858079942,-4.213961350233818,250.81238523764048,90.00005099990841,-0.0001280918765370389,180.00001778962866
240.640380215298,-4.026917872943892,250.80802287924973,90.00003399996265,-8.342499179094945e-05,180.00001001352027
240.68691844002473,-3.9400253748098173,250.80504993883108,90.00002199998484,-5.303828772782988e-05,180.0000063198049
240.8469810542015,-3.648454225705177,250.8085288450839,90.0000350000415,-3.475858148374556e-05,179.99993421190908
240.87591341150915,-3.445742412307986,250.79644779854587,90.00002599226133,-0.0007345441449061001,180.00112325973512
240.7930151147989,-3.1633548223561045,250.8052941269928,90.00004999220829,0.0007365259323174213,179.9986852370694
240.93461233455594,-2.889284203191265,250.81685316164877,90.00005599986211,0.00014157053173398406,179.9995681720167
241.0233581224838,-2.7173674632462133,250.80934816222378,90.00003500005363,-3.4046993872896274e-05,179.99992092252091
241.22737053640392,-2.222374021435431,250.8091638209728,90.0000586183971,-0.0004614865226520985,180.0005682655403
241.37177743739304,-2.1182338824880826,250.80017498184003,90.0000350071895,-0.0009165108552926099,180.00138153318142
241.44738198510308,-1.9026867842862245,250.80585863774297,90.00003297201341,-0.00019322355746029016,180.00020829934365
241.55182302263287,-1.6479016530899007,250.8050452135039,90.00002199998242,-5.438705994618225e-05,180.00000924238586
241.61671322812046,-1.6022326515064655,250.80518752436936,90.00001999998311,-5.311951639715034e-05,180.00000918241176
241.75626933228162,-1.3975393813522148,250.80322242412922,90.00003299746103,-0.00041941935915238603,180.00058809452167
241.84305522991025,-1.2610282716435997,250.80678198470457,90.0000223938329,9.932306301347807e-06,179.99988729444664
242.0420951480242,-0.7175419915990758,250.80958675168736,90.00006499616796,-0.0005209702698003669,180.00065652866553
242.12002347771218,-0.4412127071362346,250.8106133722685,90.00005389934896,-0.000325874457469496,180.00034505046094
242.2510427878783,-0.19241493775218194,250.80605154711782,90.00004837436863,-0.0006088491971273568,180.00085699205627
242.36847809553672,-0.041321034343120504,250.80647074283152,90.00002500000676,-4.375322043071323e-05,179.9999783629577
242.3931781452029,0.13744457065015114,250.8149384250844,90.00002499464641,0.000599352273391189,179.9988640487769
242.57635785585938,0.25631122090054237,250.8221524575519,90.00004398455897,0.0006875601484274585,179.99864952620536
242.74297083535117,0.3402555306752849,250.81351630920133,90.00003102295436,0.00042897352175651703,179.99913993210055
242.8958009981091,0.4192449708668131,250.7976876688573,90.00002595961674,-0.0008249170436512206,180.0013259433975
242.98628337525673,0.46599772609352147,250.8053296029405,90.00002099998201,-5.350721369987792e-05,180.0000106760477
243.0602518399808,0.5398503245381413,250.8052193399634,90.00002099998218,-5.263582466904914e-05,180.00001120133382
243.10161964626906,0.5787628717884952,250.8083740789729,90.00002293637694,0.0002387737187488501,179.999500986514
243.15094343279216,0.6355176480568218,250.8045826334109,90.00002699998642,-5.396737568639639e-05,180.00000353867907
243.24715065228253,0.7105090290668052,250.8052301840205,90.00002099998278,-5.2991174200623295e-05,180.000009896227
243.2836389185864,0.7737939347652723,250.80504164756263,90.00002399998327,-5.4223436565566255e-05,180.00000805100117
243.3517823708114,0.8643139418492554,250.80484825064698,90.00002476172686,-5.9473756323743215e-05,180.0000171227114
243.37256249683531,0.9090559791699274,250.80430878873193,90.00003199998797,-5.643571877893398e-05,179.99999990245246
243.38105521141475,0.9089139287085434,250.8042306261697,90.0000319999871,-5.6933342744762224e-05,180.00000077094572
243.45885805888005,0.9321275879579297,250.8052569882427,90.00002099998208,-5.26069840814095e-05,180.0000113360073
243.51546105329135,0.9468125404313018,250.8175051156574,90.00002134231725,0.0008170417380204133,179.99848477811975
243.6749443229528,0.9520165885658225,250.82104889179234,90.00002999023043,0.0008181851542570373,179.9984427265553
244.025398688307,1.1637424198108268,250.8122396955308,90.00004699990338,-0.00012153067082660951,180.00002739152893
244.20479587735176,1.2972976528217002,250.81153060713675,90.00004399991248,-0.00011518013101634146,180.0000265054191
244.34112812848255,1.3801563247719533,250.80851088914042,90.00003199995265,-8.392168639864254e-05,180.0000201779688
244.59686764336047,1.2411058260553953,250.79388023755794,90.00004060035377,-0.0016835665117604273,180.00286531367422
244.80430425433497,1.3906134018788883,250.810263902375,90.00005821901742,-0.0005886145099396364,180.0008120218789
244.98730627398376,1.5700670841840592,250.81298854037314,90.00005169788871,-0.00015206621655226979,180.00006714867888
245.1118403575176,1.746724100927511,250.81342859887638,90.00004420582998,9.10184494124377e-05,179.99966668690396
245.3177286912955,2.168343792074029,250.8103833765652,90.00004299992793,-0.00010499608940111087,180.00002366053633
245.43868666201536,2.246205709295756,250.80742078061135,90.00002799996446,-7.203563948073255e-05,180.00001810708534
245.63477629952442,2.3505553347903514,250.81126264468068,90.0000429999172,-0.00010963438673672014,180.0000280767001
245.73419289905348,2.404724827317722,250.80599561704707,90.00002299997692,-5.8405251320008445e-05,180.00001434665145
245.85917864798796,2.481517212328794,250.81547509453205,90.00002499430698,0.0006050966930791486,179.9988142330087
245.98635395046446,2.604553811470814,250.80776501558339,90.0000258896107,5.72048749506725e-05,179.99980123472469
246.08521693267474,2.701625026409834,250.8038784974751,90.00002099969419,-0.00014536302672307644,180.0001774267187
246.21964748145555,2.7668175537890596,250.80784090699638,90.00002162486247,0.00012165084122344332,179.99969356010834
246.27429656421202,2.967275657294917,250.80423145192958,90.00003199998841,-5.507145295098639e-05,180.00000036734787
246.4003353262265,3.103606593250841,250.8081868308027,90.0000329999551,-8.096015987934171e-05,180.00002038264628
246.7163094369761,3.2646554396382705,250.80578843268847,90.00002699949088,-0.00018817548484737813,180.0002256001879
246.90800986734055,3.538347933067818,250.80659900500308,90.00002599996544,-6.766452774746921e-05,180.00002127556388
246.97404311704472,3.7175707590687317,250.80479267764844,90.00002341992554,-9.014679297349739e-05,180.00007827410442
247.16716695398605,3.723152889886058,250.80641776814687,90.00002299997294,-6.019927207334031e-05,180.00001835885155
247.57372058879807,3.76198932063843,250.8089212209033,90.00003299994745,-8.587926053141608e-05,180.00002376452176
247.6888152022655,3.757533271228707,250.81648950958746,90.00001914768217,0.0006277314958708338,179.9987583390981
247.94028455632696,3.744681760495975,250.83184454670644,90.00003497259681,0.0013635069146637248,179.9973311244276
248.21286758383766,3.8795051634028117,250.8221616760576,90.00005699917193,0.00025231559394544233,179.99930490177152
248.91924718327994,4.086986749168092,250.8192702122139,90.00006899974608,-0.00018348599311129692,180.00005773118826
249.10708342227372,4.0973217822072225,250.8088987555502,90.00003099994771,-8.272050924539327e-05,180.00002695108716
249.39029026901338,4.314515848620166,250.80177146200273,90.00002768234079,-0.0006128117580282484,180.001015378282
249.72321407953135,4.278517973675409,250.79644097492755,90.00002542280403,-0.0010971378859868219,180.00193623950292
249.94053875228713,4.235618699017057,250.80578076668607,90.00001899997713,-5.3341693067441263e-05,180.0000190437286
250.25369368018247,4.212208169231699,250.804351507757,90.00002399923162,-0.00022195101082547828,180.00031615597368
250.51393650527785,4.128677318513598,250.82639983882004,90.00002860644553,0.001042378034529418,179.9979231997974
251.02445947030816,4.093006997521368,250.82370137660192,90.00002847137496,0.0009584968704476805,179.99809300357367
251.2722615781558,3.9179369073504486,250.81101351076796,90.00002399989013,9.598581268406101e-05,179.9997145935914
251.43916900741974,3.976810832453913,250.82209494556773,90.00002609783486,0.0009275706299501104,179.99815586958937
251.81114109771408,4.117281298078233,250.8033705911068,90.00003799572706,-0.0005148416182412858,180.00082353235737
251.9861569323642,4.191869292944683,250.8213139261934,90.00002607980355,0.0008891175724545585,179.9982195921634
252.17598281003274,4.204640239110669,250.8094810699909,90.00003000003946,-3.115262190993071e-05,179.99993404092575
252.44156964382125,4.297263783357868,250.81198872599643,90.00004299990074,-0.00011140713370726761,180.00003946454524
252.56051123879507,4.301013660829056,250.80080538833565,90.0000186355571,-0.00035479404187696513,180.00061831224997
252.59495307719283,4.37745869112329,250.81204956072244,90.00002199820774,0.00033197932257641744,179.9992785004067
253.0850810379191,4.49477790277249,250.79220541443686,90.00004291970806,-0.0014790120632526172,180.00264431725782
253.39421730927546,4.539070106593313,250.81155882935275,90.00003999990693,-0.00010593300610697412,180.00004035093687
253.622079931908,4.5994558585448315,250.81056822662873,90.00003400004013,-3.966834905334924e-05,179.99994004103058
253.8256017501722,4.665508991270743,250.83215819657488,90.00002725057331,0.0015421676882923128,179.99692708157684
254.1796375802256,4.709891336818652,250.81526584534902,90.0000519998367,-0.00013919204809918114,180.00005475923282
254.52229134060468,4.858115414554084,250.81505013979904,90.00005299984082,-0.00013819681290291508,180.00005316616176
255.0289202804143,4.991716701492805,250.8527630657038,90.000064374494,0.0023444272939156384,179.99523371551072
255.39773533355614,5.02439882254057,250.81653091367673,90.00005599983882,-0.00014253586408281436,180.00004968974258
255.7705265308744,5.106889613608052,250.81478270488495,90.00005099984578,-0.0001339943857039154,180.00005460315438
256.23970574161183,5.084624483210199,250.81657079066068,90.00005499980679,-0.0001483603802470633,180.00006304123508
256.54326906792534,5.158611393266421,250.8119376118617,90.00004099989802,-0.00010785449852510092,180.00004574283207
256.91116725997404,5.2000262745810115,250.82253621271582,90.00004399575468,0.0005051542785722747,179.99885140955755
257.1098704706658,5.2632001862002,250.82063835415468,90.0000252522251,0.0009333402397249145,179.9980813330458
257.33449951774077,5.294030667706266,250.8017171860974,90.0000218211361,-0.0004497787338216382,180.00079549848317
257.5315474972058,5.32887969130578,250.7951606015265,90.00002012014787,-0.0008119206613656533,180.00150654210825
257.7662177991755,5.408863969999988,250.7925969943295,90.00003193303057,-0.0012016523581424615,180.00223911593545
258.00316290515383,5.49326303370655,250.83139408082883,90.00002496013533,0.0015298901520858618,179.99687345582927
258.5980045898726,5.707987107024896,250.80939126940387,90.00003099995537,-7.606392488140719e-05,180.00002500517238
258.736644232756,5.880656586349603,250.80757820458294,90.00002600003081,-1.547060373200272e-05,179.9999298213829
259.04417355527505,5.96683249160162,250.81110467818078,90.00003899991029,-9.897629610847695e-05,180.00004530665151
259.2855311262443,6.006333004926075,250.80845675078794,90.00002899994746,-7.566595201187987e-05,180.000034693856
259.53496105065955,6.0416637352890765,250.8085323398756,90.00002799994743,-7.564418671040833e-05,180.00003474128587
259.6886920717595,6.005688865993584,250.81209239210273,90.00001900030595,0.00031737043232050365,179.99928809796768
260.02713005275444,6.043088535364667,250.80595277905604,90.00002099997353,-5.36878005420071e-05,180.00002454832
260.30799424023405,6.011107273039826,250.81126429783117,90.0000207643238,0.00036801362708705285,179.9991817138135
260.49433401713657,5.951528914593114,250.80041415724637,90.0000164408367,-0.0004331091070073594,180.00079087169647
260.77984342679235,5.82716458652109,250.79024148023026,90.00002278059611,-0.0012292256491530523,180.00236151809648
261.00646531863185,5.786618393788371,250.7905724119222,90.00002215901401,-0.0011822533025247237,180.00227427624273
261.4301994426758,5.665454997483194,250.81071737996373,90.00003299991667,-9.210897271464148e-05,180.0000478846227
261.9403105689165,5.628759328178913,250.81488986575036,90.00004799983809,-0.0001295956333208884,180.00006508093156
262.3228550686492,5.593681391585016,250.78890761592575,90.00003926859995,-0.0016327080856931076,180.00311562565236
262.63101431604156,5.522531680938724,250.78651580448724,90.00003632944723,-0.0022036598350190497,180.00428304562794
262.95066192633556,5.458140595578148,250.80427089819236,90.00003175010305,-0.0005872052228621309,180.00105319602625
263.1930125039624,5.410815654631862,250.8094981090343,90.00002420784362,8.886754251074165e-05,179.9997237398339
263.64927225639235,5.297992646871998,250.8091737558491,90.00002899993879,-7.857781482292332e-05,180.00004139476886
263.8762833706415,5.2701082269244734,250.80598527853226,90.00001999993752,-6.974504300359937e-05,180.0000601399785
264.26737872886855,5.2019002125803855,250.77264624233158,90.00003568702525,-0.003013002697994378,180.0059522236644
264.572476032096,5.168813701320755,250.78485786794346,90.00002795607978,-0.0019375609038813247,180.00380152763364
265.13175609550285,5.095291549533882,250.84265810640977,90.00003373951662,0.0023660748853586828,179.9950727925233
265.4458428235747,5.086428688394822,250.81599079972779,90.00003299316683,0.0002715726389676514,179.9993255217867
265.97601018979435,5.264906359903374,250.78944184887425,90.00004095544746,-0.0015840486374176772,180.0030865914819
266.21895222875077,5.274951092833452,250.78627552425903,90.00002440599546,-0.001685774155798582,180.00333133058993
266.4310571230803,5.301871439641648,250.8175019097092,90.00001999246102,0.0006514257971079918,179.99858184274777
267.0914339139773,5.424058327231081,250.80901864611883,90.0000270000289,-2.474297096474484e-05,179.9999426996811
267.49037831796886,5.383246907689141,250.80969929579217,90.00002999993028,-8.178996499264829e-05,180.00004694040365
268.1228225941779,5.264897941527584,250.81447962118486,90.00004599984247,-0.00012173571655459252,180.00007234948288
268.4903573759405,5.108337740892709,250.80106359959785,90.00002458179198,-0.0004963911548249973,180.0009156681194
268.7941416458423,5.115298194575238,250.78203706672647,90.00002664431621,-0.0019679643060892477,180.0039545379624
269.0589265635792,5.109769885667493,250.81181452979246,90.00001999838845,0.00030101851146015283,179.99930027601616
269.25553680030885,5.138497484931624,250.82769041116492,90.00002096361783,0.0014207379695647508,179.99698234274106
269.66703615421824,5.07063490340197,250.8061767675253,90.00001999995679,-5.964139648601781e-05,180.00004497276754
269.9355611019195,5.107981793293996,250.80657199952688,90.00002099996551,-5.649996254750866e-05,180.00003432839816
270.10638327026686,5.1765321540943745,250.80625869814727,90.0000219999699,-5.366727010329059e-05,180.0000307542533
270.5052525984356,5.122575664444448,250.82131845189153,90.00002492512513,0.0008528194863813561,179.99813301109873
270.96143356850723,5.125146713485635,250.8041478205879,90.00001899933905,-0.00019368236618780827,180.00032484826983
271.3131751768481,5.125034440802833,250.80774342469886,90.0000249999544,-6.463648077658888e-05,180.00003998906223
271.56120731560543,5.195668669678831,250.8061771482363,90.00002199996985,-5.358482956018623e-05,180.0000308976701
271.81638388596406,5.21106246863359,250.79985080577077,90.00002041262734,-0.0005991185731393349,180.00117487566976
272.0466069393007,5.1494074516453665,250.8038599066979,90.00001896098911,-0.00027463498892429716,180.00049848463485
272.2929554365047,5.100688683359798,250.79438273870707,90.00001944692164,-0.0010249238336265496,180.00206995863527
272.6222240266777,5.058184353692522,250.78069381971457,90.00001993032542,-0.0019514310961721425,180.00401365372048
272.75613900121516,5.078418609241156,250.80615949574042,90.0000219999698,-5.3532824880176644e-05,180.00003098768474
272.9219188761679,5.098962285467106,250.80639258526554,90.00002099996948,-5.304826351838622e-05,180.00003234009282
273.2225634453908,4.954750498275514,250.80014036467952,90.0000171137515,-0.0005877351401616445,180.0011613701617
273.416854389863,4.906848371437891,250.80040028421797,90.00001917376711,-0.0005552461454018733,180.0010912276103
273.87360116297134,4.840132928148907,250.8074903218533,90.00002299995819,-6.09294337779188e-05,180.0000396938777
274.3309664992088,4.785998993871115,250.80015245118352,90.00001944537945,-0.0005769144390165237,180.00114042598835
274.6777418841459,4.741598870314474,250.80654613664933,90.0000199999669,-5.427599835473961e-05,180.000035144217
275.0911114056057,4.697446717329129,250.81311212893593,90.00001999569199,0.0004844485029376928,179.99889786042112
275.5746163758345,4.688020430240036,250.80646148882764,90.00001999996745,-5.332394758392236e-05,180.00003564486715
275.86004694448667,4.6475096309782655,250.80654414760323,90.00001999996745,-5.331166870413556e-05,180.00003566322988
276.4962152333804,4.632649808550478,250.8048922855126,90.00001999961064,-0.0001483852747727826,180.00024004214794
276.5319114181526,4.7358948360272874,250.8053704108383,90.0000329999738,-5.630051924713141e-05,180.0000210535381
276.9890499583922,4.740878878001027,250.8231491591294,90.00002422297767,0.0010641149183223512,179.99764172724713
277.33740704831774,4.7044247402263455,250.80660646683904,90.00002099996571,-5.406216651948192e-05,180.00003762023593
277.6419064087986,4.705318803307087,250.78975846143175,90.00002019596033,-0.0013467308527146898,180.00280276260213
277.9300304309364,4.7098685959581275,250.79453668937862,90.00001998669528,-0.0008445671137166221,180.0017303857539
278.1723540909784,4.681125582984789,250.80339365984838,90.00001999874223,-0.00026144978757142303,180.00048210685617
278.75716819529237,4.627371514730143,250.7864945489444,90.00002000223424,-0.0014014285941599675,180.0029322964023
278.96116828659774,4.634212660176458,250.79422144917646,90.00002094355264,-0.0009078594600100638,180.00187316551967
279.37170005983523,4.605902190537806,250.77051100538094,90.00002340722303,-0.002815630725683004,180.0059727814828
279.7673443054768,4.583857530997887,250.80924531028575,90.00002699850211,-6.718497705051536e-05,180.00004145586436
280.57390650004777,4.466177486492245,250.79185578811425,90.00002413193978,-0.001103298935997352,180.00228916543725
280.8634913788402,4.5373365942696,250.78722071525002,90.00002199136952,-0.0014102223798063993,180.00297146070432
281.1927289530093,4.450078372981725,250.78582942890475,90.00002074311915,-0.0017470675590397864,180.00370841399592
281.4925941399489,4.397889379522686,250.79698778687182,90.00001998704599,-0.0008280818854252087,180.00171976443485
281.88256533684444,4.433086779542573,250.80670536285905,90.0000219999639,-5.464795163443658e-05,180.00003979448937
282.2636952713508,4.365470352353273,250.79225325888632,90.00002081215149,-0.0010592562722578384,180.0022272888793
282.5753895578806,4.431991524447313,250.80649092047335,90.00002099996621,-5.2859726551969416e-05,180.00003845580986
283.1163619926515,4.340950480518976,250.7969772212742,90.00001998651503,-0.0008421065693996248,180.0017630653161
283.39770038306995,4.238120243745837,250.79393794868844,90.00001530251997,-0.0010411857786047744,180.00220639219577
283.8158191874369,4.181778285371269,250.80671104766495,90.00001999996451,-5.364659469155164e-05,180.00004033935298
284.4778000202328,4.070601949261892,250.8041035721979,90.00001999854403,-0.0002777858294188375,180.00053352370148
284.7713166309533,4.081478530137674,250.79886506949705,90.00002440422793,-0.000654267043568766,180.00135503506914
285.11978726265005,4.083396629280133,250.80685994137076,90.00002099997451,-4.843879795206183e-05,180.00002921662085
285.8719824726838,3.9870219654415395,250.80673263895665,90.00002199996449,-5.354231450025877e-05,180.00004047493752
286.3495570931165,3.7461667181372738,250.80550585700985,90.00001799958548,-0.00014989910300209895,180.0002575645686
286.5782670941404,3.690655433831167,250.8149382325715,90.0000194204419,0.0005738332511195246,179.99866121715598
286.74610718237307,3.7416721743352293,250.80522141672313,90.00002299960514,-0.00014724384609618985,180.00024220300355
286.82586506636875,3.758928727540077,250.806520429819,90.00002499996496,-5.4508433541252845e-05,180.00003786595624
286.82168273748664,3.8264714980822565,250.80650901009267,89.99996622828932,-4.2949002914648284e-05,180.00012259989015
286.86764664114116,3.834041153833417,250.80628065967332,90.00002499996694,-5.416849431815559e-05,180.00003473865567
286.97139575193705,3.7947111637836097,250.81231275712668,90.00001613051866,0.00029023686237400075,179.99929086537043
287.17848062913686,3.746652743803563,250.8206388342772,90.00001923522053,0.0009993012480293184,179.9977202541766
287.4356422107159,3.7034060822801953,250.8023439313285,90.00001999674944,-0.00041176901594837406,180.00083454453525
287.7306340969282,3.83534272899995,250.80667650821403,90.00002299996318,-5.526695183480395e-05,180.00003978145344
288.0958139335264,3.786264406387418,250.80645438107064,90.00002399996349,-5.5028361035383185e-05,180.00003947709706
288.3533809257838,3.983677330208201,250.80563488060636,90.0000229997381,-0.00012078239917831173,180.00018793310716
288.48475179090195,4.005080758934293,250.80663337335142,90.0000229999638,-5.428395485290727e-05,180.00004028960478
288.86040764459034,3.991396634973698,250.83290978101363,90.00001992449974,0.00197056387859534,179.99553524534608
289.15558234390346,3.955127785576135,250.82038113352056,90.00001954221959,0.0009064438884999481,179.99790861610543
289.40524892598853,3.730964450854433,250.82622160499847,90.00001081245198,0.0013018432963479466,179.9970448388354
289.90733289371195,3.219453850180534,250.80700092022045,90.00000899992806,-6.46400022831281e-05,180.00009029118192
290.284592396178,3.121726014857706,250.81660274314544,90.00001991921282,0.0005993159367105738,179.99859454816055
290.79383508406846,3.121610764756382,250.80675839226396,90.00002299996133,-5.477990910343425e-05,180.00004403627875
291.4826476562241,3.0341495488395296,250.77790770052778,90.00002066128192,-0.002308095889374855,180.005079134351
292.33613587380574,2.8667610426104337,250.8168885313997,90.00001953824476,0.0007378628530871984,179.99827797246
292.9794144847553,2.6851051207332497,250.82691830044257,90.00001957601351,0.0014952364324128432,179.99657812171185
293.4302337195919,2.5819729923852295,250.8070200680313,90.00001599996217,-5.154589365307512e-05,180.00004927495246
293.78462800403196,2.6979041701444224,250.79702168985034,90.00002498930763,-0.0007390923363486081,180.00158088838978
294.0384059928638,2.7731886387938487,250.80671810165794,90.00002399996201,-5.492162805059742e-05,180.00004235108952
294.43377140320246,2.8059697798686454,250.78548115299515,90.00002173802721,-0.0016962477062241867,180.00374948783647
294.8313917512838,2.7498248226064854,250.80707728177143,90.00002099996068,-5.375083683721599e-05,180.00004728474988
295.3585128158843,2.6814068378017426,250.81056563224396,90.00001911746013,0.00022896413127518615,179.9994102612683
295.7920159392007,2.5782512355370044,250.80340494409919,90.00001998002429,-0.0002969220399273521,180.000598727843
295.99586072117603,2.526969643758789,250.8235297696142,90.0000180135711,0.001076864621461928,179.99749212233905
296.7146507159815,2.2443765647847536,250.8046071075986,90.0000089987854,-0.0002490189442600376,180.00050950980784
297.08683305343084,2.1863909280903093,250.80909091856358,90.00002099984722,9.246320703633939e-05,179.99971945454044
298.12758259535104,1.9227305169581386,250.80688437788885,90.00002099996142,-5.2734924183504465e-05,180.0000478019638
298.73340871330527,1.7900229840177213,250.84492996104862,90.00001996493405,0.0027590218469335675,179.99365362939602
299.5384652805894,1.8047584669063372,250.79441863802543,90.00002098284698,-0.0009286729710128933,180.002044026976
299.80516627993876,1.8545161100965204,250.81531435045906,90.00002299415262,0.0005424103283443433,179.99868332109048
300.31335439672034,2.017194174925868,250.8248449522485,90.0000233736528,0.001325892821530749,179.996881712477
300.91236584623596,2.126365679532144,250.80699951809615,90.00002199995978,-5.382246167686159e-05,180.00004857100626
301.30639385998836,2.3509910259342828,250.82134163747222,90.00002297929424,0.0010141411961735057,179.99758211929392
301.78199125199114,2.4874235727355156,250.8217221834483,90.00002183918232,0.0010275271856268564,179.9975445467131
302.20549171304935,2.4472552333044404,250.80691527152166,90.00002199995977,-5.367991404760899e-05,180.00004872850147
302.6829409347455,2.4032805660747125,250.8148973041376,90.00001956542638,0.0005437104313230453,179.99866490363388
303.11877824860346,2.487590688795314,250.8067461285684,90.00002299996147,-5.28206215373451e-05,180.00004696788187
303.6679395785855,2.508183220416359,250.8017079469897,90.00002199552442,-0.0004696895331478073,180.00102125146077
304.3738972648106,2.534482689147381,250.8223870536681,90.0000205634842,0.0010619284499245427,179.99744165225704
304.85486000571376,2.5040428472545853,250.80688526907073,90.00002199995073,-5.6880047911293874e-05,180.000059605619
305.25732402929754,2.540908013918276,250.82659381612334,90.00002197403943,0.0014166176113389582,179.9965974975455
305.8562781836419,2.5224118271927813,250.81739850427292,90.00002298940308,0.0007188199757769838,179.99823101822255
306.31622593545285,2.5695979216956224,250.8070706168221,90.00002199995798,-5.3626763506781444e-05,180.00005221274063
306.79539630261206,2.599287753087002,250.81190253413365,90.00002252711504,0.0002970362555404934,179.9992219045904
307.4203488027416,2.5269653446354803,250.8152195383716,90.00002119721854,0.0005346101467226829,179.99866100868346
307.95844047199176,2.5166943590117397,250.80715020208504,90.00002199994694,-5.8277240932557804e-05,180.00006362177743
308.2764756995846,2.395095087899864,250.82569297019768,90.00001643501147,0.0013003747297696978,179.99684844467728
309.0458221857292,2.0649577336689253,250.83469253514718,90.00001695518979,0.0019602135157974726,179.99528336020836
309.963818434319,1.8159154856983148,250.76766245567694,90.00001899697448,-0.002909136905700022,180.0068434634429
310.62587678107514,1.703619288362911,250.8073197297766,90.0000209999554,-5.409236034292021e-05,180.00005645366778
311.5629496882824,1.5632371386443091,250.76947485262136,90.00001983156194,-0.00284472905587963,180.00671496122243
312.025106586416,1.62298682396831,250.80712842464803,90.00002399995536,-5.507368887979845e-05,180.00005392484437
312.54591971846156,1.6325297540888042,250.78867478901807,90.00002198433037,-0.0014282693487371685,180.00334846391493
312.9780337384268,1.6099894925586762,250.80787829634366,90.00002000001217,-1.203655404364946e-05,179.99995850881632
313.50832439683967,1.6524567623982245,250.81931064875747,90.00002401652706,0.0008217889283218954,179.9979456170541
313.9405985685156,1.671866444569714,250.8070946476405,90.00002099995713,-5.308003836770259e-05,180.0000548407657
314.35175446746763,1.6030620011531833,250.78835538129286,90.00002095615373,-0.0014437378904558487,180.00341086629146
314.7140018258375,1.5406021902365028,250.80723859322467,90.00001999996782,-4.6931169911008184e-05,180.0000451392379
314.9581014181456,1.535267607839633,250.8117054761913,90.00002199844674,0.0002728946793241181,179.99926733348832
315.654421103183,1.6308880926791345,250.8059939028655,90.00002299964045,-0.00013354261835250841,180.0002476365492
316.3582561181629,1.3713552349723834,250.80554579969893,90.00000499912555,-0.00020420610139241764,180.0004519833864
316.6497912733119,1.5040150198047348,250.80879192766443,90.00002499987326,8.290887213730762e-05,179.99971944134904
317.1234519039808,1.7504409730418484,250.8069341882268,90.00002599995524,-5.529698076859068e-05,180.00005316612464
317.7691099500081,1.8617049295118153,250.80443749835345,90.00002399886314,-0.00023246224225947855,180.00049268268523
317.9957821712508,1.9368875638393341,250.8069102231475,90.00002599995535,-5.459449035753651e-05,180.00005440994042
318.40899067753946,2.0752921792520604,250.79970652838162,90.00002459502144,-0.0005915907955601423,180.0013764107617
319.1575452251319,2.0234764985651466,250.81826813764263,90.00001969524426,0.0007334742715171325,179.9981233512666
319.6348953279542,1.9845440713621523,250.80719665533047,90.0000249999536,-5.4672252934223073e-05,180.00005768834112
320.1480970858909,1.939881283148512,250.8047169184131,90.00002499877012,-0.0002404536566943525,180.00051794953447
320.47754452504677,1.7527978058010651,250.82295803029092,90.00001397678807,0.0010380080770766836,179.99737774760268
320.9445555412446,1.6499934201715134,250.8070745881466,90.00002299995454,-5.3709892839418735e-05,180.0000580968795
321.8590395884914,1.604689466976716,250.80746336881916,90.00002299995195,-5.477349593611822e-05,180.0000609332767
322.2697042343823,1.5877412242010986,250.80634908008338,90.00002199975481,-0.00010956752997934392,180.00020199903867
322.63907541857316,1.577416197712941,250.827108361016,90.00002239407422,0.001391138856973685,179.99647693310513
323.0516006426965,1.2294168132609835,250.81219204766143,90.00000710380557,0.00027163885030977993,179.99927893549108
323.72726969358513,1.1206218685255642,250.81192121488178,90.00002099851176,0.00026325429119889956,179.9992762203833
323.945636663275,1.0685872297845536,250.8153284318028,90.0000202047048,0.0005363993905435245,179.9986006772903
324.2418612656183,0.9420945132846789,250.83158399754208,90.00001093924917,0.0016753899176927165,179.99577891663284
324.6722311224106,1.200780669096075,250.82132399837553,90.00002423663143,0.0009760173545546835,179.9974909953143
324.9034931256635,1.1648240772047889,250.820607492445,90.00002109507709,0.0009113449458738146,179.9976544947092
325.51333380823615,1.1343384248088122,250.80735672113647,90.00002299995107,-5.4956432221563255e-05,180.00006203056193
325.88703586911765,1.092437876523111,250.81357409843113,90.00002258946907,0.0003872969750576305,179.9989567238291
326.27340835372286,1.0949654285560695,250.8072663535711,90.00002299995296,-5.360673394150231e-05,180.00006151681197
326.83989904237893,1.0357596090511518,250.80886381930455,90.00002399987265,8.08308140953709e-05,179.99972434432982
327.32796848312995,0.9796365365635946,250.8075159353068,90.00002199995139,-5.3728978101238435e-05,180.0000647240061
327.7439550417056,0.8835273952608285,250.80744540021138,90.00001999995244,-5.278616477513088e-05,180.00006510489482
328.48510491826437,0.8441870163910966,250.82963613830432,90.00002155811063,0.0015271347386568914,179.99608007232803
329.1387528070874,0.8364578839644733,250.83017234373506,90.00002351776487,0.0015663178950446927,179.9959679560719
329.5223008697107,0.8142501890711573,250.8082545584937,90.00002390562462,1.575063294356779e-05,179.99988544885778
329.8149723814118,0.8161610628495154,250.8072890212358,90.00002299995127,-5.412946661289129e-05,180.0000635610016
330.14229963440226,0.8202407526068242,250.8073931958597,90.00002499995111,-5.466709508193595e-05,180.00006228570226
330.4499790364867,0.7471154787119089,250.8074660545636,90.00001999995247,-5.2600656443833717e-05,180.0000652546698
330.6105271405868,0.7398323329485125,250.8073044421713,90.00002399996245,-4.972597683609222e-05,180.00004991110507
330.9399586541534,0.774667313225904,250.80762158488452,90.00002400001178,-1.389560235528147e-05,179.9999615768069
331.2441873424812,0.7762436062770834,250.81533841661113,90.000023957576,0.0005326273362983324,179.9985716962784
331.5799270245007,0.7733275948343666,250.82287036440272,90.00002236510886,0.0010596233730523444,179.99722917195834
332.0806583023433,0.7149131131623936,250.80735431411367,90.00002099995334,-5.2115423350934554e-05,180.00006442035965
332.3314073278599,0.6448149686059267,250.8075647287848,90.00001899995102,-5.263892132329255e-05,180.00006851382392
332.5849168217114,0.5770022709082332,250.80764555466834,90.00001999995102,-5.2632413584187846e-05,180.00006851882327
332.89487815015417,0.5371203989703562,250.826314309065,90.00002170286649,0.0013282850059675646,179.99654057562108
333.31392820022734,0.45090608404894694,250.8115836183723,90.00002000251376,0.00025889231865656824,179.9992719471968
333.7316752534121,0.4137479372678767,250.8092538871392,90.00002199650763,7.755063946813083e-05,179.99973075529832
334.54666251308197,0.1996392890375477,250.78389716109984,90.0000191810449,-0.0017437769809318902,180.00440050183548
334.98221130938595,0.12935319679516868,250.78184740053422,90.00002100536543,-0.001866951242247589,180.00471560849556
335.66897005743124,0.03867582248011304,250.80748750882066,90.0000209999508,-5.30642291841063e-05,180.00006732895127
336.48087258381815,0.04491006521810573,250.8072228273719,90.00002199995424,-5.1551046905535115e-05,180.00006365131298
337.0744556977198,0.1390593193463336,250.80745754847257,90.00002299994954,-5.443840126887678e-05,180.00006577583562
337.6714708084485,0.12264992748822233,250.80730715696453,90.00002199995149,-5.263771244188254e-05,180.0000667671955
338.6987005605484,0.1351897299810344,250.79653870953882,90.00002199370157,-0.0008668219217394536,180.00217971235116
339.25352992220604,0.09958521446716369,250.77180451880122,90.0000218479323,-0.0025892490236679184,180.00666100456868
339.67684322783845,0.10006797824650226,250.81840066999538,90.00002154896458,0.0006851790679683074,179.99814792729674
340.57811471145135,-0.010545846558656773,250.80740683595792,90.0000199999523,-5.118589565851249e-05,180.00006926762717
341.55809550372356,-0.021654451190135617,250.80727732886814,90.00002499995068,-5.3200415865800704e-05,180.0000663830991
341.88533676785676,-0.115535105139048,250.80777915230823,90.00001999994893,-5.2533101785367e-05,180.00007306348743
342.14977178707636,-0.10278270801490917,250.8074230443277,90.00002699994872,-5.4463124100893214e-05,180.00006698334278
342.4473840196446,-0.06275328890802823,250.80711410504696,90.00002599995048,-5.372079793786223e-05,180.00006513889744
342.89378735449867,-0.06979569726692592,250.80746303940222,90.0000239999492,-5.3243382891521316e-05,180.00006961423847
343.46062420322454,-0.09392428932456234,250.8073237306841,90.00002199995205,-5.155940068357051e-05,180.0000681294966
343.88852506045174,-0.24292089369998038,250.81504164316044,90.0000181448187,0.0005300590551129022,179.99854467124007
344.30213083874327,-0.34860637110843845,250.8081515869014,90.0000200000072,-1.4646729732394574e-05,179.99997340147956
344.7195745392336,-0.3738700412938459,250.80747045915263,90.00002299996032,-4.840779402573508e-05,180.00005721850218
345.3000306078831,-0.428183176439097,250.80740792559408,90.0000209999504,-5.219585148743783e-05,180.00007005421608
345.8831704970672,-0.5461251203415322,250.80747166182172,90.0000199999507,-5.159364534952313e-05,180.00007135892284
346.62587386862833,-0.6839411152806446,250.8060894251939,90.00002202698883,-0.0001687850056161359,180.0003772798988
347.1921362915048,-0.6398906553338062,250.80717347309167,90.00002599994966,-5.3842608635711095e-05,180.0000662644217
347.4048017534737,-0.5152203925592466,250.80693717979747,90.00003399996105,-5.1846635151855825e-05,180.00004744367328
347.6920060377906,-0.47853641598306046,250.81375458388084,90.00002701318242,0.0004361840623844033,179.99876113874643
347.98103753757107,-0.3952890145885656,250.81353562132514,90.00002965333515,0.0003799934903011477,179.9989033710448
348.514134439453,-0.24276814099866184,250.80747175212625,90.00002799994589,-5.5660133132060645e-05,180.00006886181498
349.3440282178015,-0.21881204041757513,250.82333988644146,90.00002419815796,0.0010041090039246761,179.99723627430896
350.0906886991939,-0.1972566136809502,250.807476102949,90.0000229999488,-5.248367388906631e-05,180.00007223201527
350.57927990515094,-0.23433292477392664,250.80733708258435,90.00002199995049,-5.1757187248360656e-05,180.00007037892922
351.0015552008273,-0.1737022181159328,250.81961850283824,90.00002685731455,0.0008747226788615765,179.99756565751582
352.0633197159315,-0.2214091081335537,250.7771152516456,90.0000237486968,-0.002195810729560912,180.00586881183574
352.53558349295724,-0.21295405483876828,250.78410235334186,90.00002393624581,-0.0016425154988035408,180.00437765761086
352.97057546359804,-0.2636092492481695,250.78717605822908,90.00002179176913,-0.0014215992521307466,180.00378575473542
353.3130270645843,-0.2455829811098013,250.79666626663848,90.00002483216441,-0.0007613027929034412,180.0019934622195
353.68540941795493,-0.11496611300232554,250.79282826919348,90.00003067498682,-0.0010162733579043594,180.0026830803557
354.0111539489549,-0.05004882994615185,250.813805596121,90.00002890596052,0.0004616303300087491,179.9986617973401
354.2958002950421,-0.054734750543992815,250.81447856124177,90.00002599335178,0.0005038489547048013,179.99855063157656
354.77681886897193,-0.008435681737401782,250.81102047173127,90.00002499866605,0.00023780989271726503,179.99927645753058
355.1360312261953,0.07092321347511761,250.8179639809427,90.00002898695693,0.0007393325218995533,179.99789633099206
355.6802979718789,0.10104022783048368,250.8073819983267,90.00002199994927,-5.1403031220640184e-05,180.0000738629034
356.1466304982697,0.18869004505966688,250.7980125964408,90.00002998961304,-0.0006585209794641361,180.0017288019147
356.51804842372684,0.22495142753313058,250.7962147798611,90.00002811485167,-0.000860605326108177,180.00229010297846
356.92770079157987,0.10214281452440356,250.80682945998385,90.0000185644713,-0.0001320532371780838,180.00030322101816
357.35674108353624,-0.06323775505272472,250.80776330866806,90.00001701710865,-7.739832524049173e-05,180.0001545674989
357.84916347744957,-0.2504361145339052,250.80848163040332,90.00001700000394,-1.539993549493231e-05,179.99998306018563
358.3620643108189,-0.2916393980356141,250.80757603623522,90.00002399994553,-5.324536317466575e-05,180.00007642598655
358.81091667941456,-0.64333052333809,250.80811426446482,90.00000099995822,-4.260105230061859e-05,180.00009091837296
359.30987858362784,-0.8406628596655888,250.80790899757395,90.00001604077153,-4.5438244287176595e-05,180.00006931756295
359.9167315217834,-0.9952459604514333,250.8074181266327,90.0000239999103,-6.545313658047552e-05,180.00011057823713
360.30615167900356,-1.2328995954682984,250.823695287745,90.00000297499176,0.0011014758418929004,179.99693149824148
360.72839535019494,-1.1978070620779413,250.8087832299146,90.00002599989773,6.977477478666911e-05,179.99973490323129
361.39376585673,-1.2834563860291206,250.8078087540377,90.0000229999433,-5.3645015377186956e-05,180.00008054323348
361.80017851093646,-1.3304097025938248,250.80757705444296,90.00002399994554,-5.320146702370085e-05,180.00007645654998
362.4715525534437,-1.3972716022209721,250.807688633739,90.00002299994507,-5.290375777903024e-05,180.00007870319274
363.09786796823926,-1.460168879741494,250.80754929256022,90.00002299994681,-5.218936012992083e-05,180.00007684575996
364.05726987223494,-1.4677550759889526,250.8110922407657,90.00002299866291,0.00023593953075926575,179.99927683906625
365.1962665967849,-1.5825371355950346,250.81965192325757,90.00002198828804,0.0006944546880604499,179.9980003816873
365.65472090646773,-1.6762354067294012,250.8258648683025,90.0000212426114,0.0012107307836244918,179.99656175356816
366.53780722479627,-1.950138088167061,250.80651995462023,90.0000189994699,-0.00014892651874955329,180.00035602031076
366.8993181964208,-1.9139777226234787,250.8072091543107,90.00002899994068,-5.559736493834642e-05,180.00007859947843
367.4399188215217,-1.9081224961085175,250.80638200515153,90.00002599952415,-0.0001417132446550266,180.000324585238
367.6787735416013,-1.8682731313282317,250.80725464377795,90.00003399994222,-5.657093037987359e-05,180.000072178459
368.1772699343505,-1.8640367134231037,250.81806033938165,90.00002785924724,0.0006367705495666307,179.99813674516741
368.50441927721744,-1.8250115458489935,250.80882487116853,90.00003105666961,4.610130865876686e-05,179.99978851508664
369.069582924501,-1.7235058123565674,250.80711888647954,90.00002899994674,-5.328395743058179e-05,180.00007233823231
369.81656330247006,-1.6979456709932834,250.81099499619413,90.00002599932245,0.00016756749731483645,179.99945516721235
370.2709537203841,-1.7002994299523686,250.8196397535728,90.00002598766214,0.0007076665274705324,179.99792791196202
371.17827207656455,-1.8029078606814688,250.82044851495232,90.00002298607994,0.0007508620101426266,179.99780774050632
371.81349568055685,-1.957080662836395,250.80806046176735,90.00001999994252,-5.214147792626957e-05,180.0000876428345
372.2104671518213,-1.8713464264887782,250.8072908401912,90.0000309999429,-5.5036059048478665e-05,180.00007497354412
373.2466928007674,-1.7273986685912808,250.78748476486095,90.00002636661638,-0.001499128314572346,180.00419879649513
374.23173778171764,-1.6541960265698552,250.78546636436317,90.0000252481619,-0.0015498081996631532,180.00436230160227
374.85504271587075,-1.7053419028252983,250.78947755872866,90.00002396401138,-0.001199872585897531,180.00336847145573
375.55044835719326,-1.7793674433909417,250.84729765082653,90.00002283817442,0.0024003228471708216,179.99304546495998
376.3560473558098,-1.9208089290806074,250.80768617402532,90.00002099995736,-4.5819633560192444e-05,180.00007052414674
376.99148144616,-1.8934289224386587,250.80737184452224,90.00002599995703,-4.732356858608803e-05,180.00006578141688
377.982167182753,-1.5782533220394754,250.79247548640015,90.00003061956963,-0.0009858121449575993,180.00277345416566
378.54069546081087,-1.4775631685480735,250.81797201343397,90.00002914815333,0.0005645378714705237,179.99828431543378
379.68189331389806,-1.3556820305102373,250.80717217908267,90.00002599989885,-6.710588498912947e-05,180.00012461621714
380.26318546974835,-1.4156280404678854,250.79610437706324,90.0000250380647,-0.0009737575365348151,180.00277145532357
380.87729930857984,-1.3494464344373793,250.81053998433194,90.00002897274365,0.00021834276283962762,179.99928506021024
381.4334611739868,-1.4151811786270463,250.807813861891,90.00002400000508,-1.6783743884991368e-05,179.99998088550814
382.1712393560676,-1.4356993668601035,250.80779792137415,90.00002599993957,-5.3700729308080653e-05,180.00008629155133
383.0967426343706,-1.3384626959474273,250.81397430387636,90.00002826949961,0.00032838242931010255,179.99895535245255
383.5628895137241,-1.2955128780096845,250.813998874994,90.00003081854477,0.000323522308845384,179.99896309340355
384.22481763588354,-1.2170107960616194,250.80759355895694,90.00003299993773,-5.6002890204814415e-05,180.00008134910138
384.9201854965516,-0.9920208506038811,250.80762479519896,90.00003299993683,-5.622485674086138e-05,180.00008236361828
385.6662040325239,-0.852863518575349,250.80769003980168,90.00003099993643,-5.582984711546174e-05,180.0000846346756
386.1645709926861,-0.850107814713507,250.80764275005308,90.00002899993783,-5.484618779270237e-05,180.00008497861893
386.86257548166907,-0.7321333831125367,250.8029435818812,90.00003099409534,-0.00047616588479770994,180.0013435650823
387.66186421651724,-0.6558964601319689,250.79776223536837,90.0000289886317,-0.0008919187607932678,180.00259770688405
388.7359721318345,-0.6456265402317096,250.8073541535048,90.00002399994615,-4.986975091699101e-05,180.000083540458
389.5725459467575,-0.8773374426254595,250.8034867166215,90.00002235125008,-0.0002971011160763717,180.0008311488111
389.9819531406402,-0.9470848108493575,250.79928993229152,90.00002400944341,-0.0005549919870295097,180.00160499921984
390.4858307668733,-1.0655541557158044,250.79481715897768,90.00002297606504,-0.0009539347060129697,180.00280985351185
390.9456563779808,-0.9376867353641566,250.79702404917813,90.00003688228873,-0.0007909117635160787,180.00230452778047
391.799433941875,-1.0575195503004446,250.80841172498626,90.00000499993429,-5.101213317915615e-05,180.0001234588526
391.80369147733467,-1.056653699949639,250.80966263449727,90.00000515312958,6.34418379673238e-05,179.99977350775708
392.05996418504486,-1.0835860121447463,250.81168684003364,90.00002810477963,0.00028425429873407817,179.99906438604575
392.2821287239093,-1.1163706426690678,250.807609246242,90.00002899993709,-5.4771548940060747e-05,180.00008617469214
392.40769058207815,-1.2312123531920793,250.80464222873871,89.99999225014231,-0.0002190668979027094,180.0006506316762
392.7409398713308,-1.3363545262002425,250.80720122705634,90.00002899993765,-5.3322766076773146e-05,180.0000883136313
392.88591462023373,-1.377287934581989,250.80748079247533,90.00002199994513,-4.9728210219468666e-05,180.00008678689719
393.1514867062074,-1.426299903137776,250.80318490625336,90.00002559876457,-0.00038489595570057435,180.00109693894464
393.17185862812426,-1.4255145345664446,250.80852434133843,90.00002571576742,5.824617521622627e-05,179.99975420331805
393.43106823904213,-1.4995056183530953,250.80782931888757,90.00002199994009,-5.159166768806915e-05,180.0000924894589
393.5558461710249,-1.5090188965250058,250.82449112317738,90.00002332563139,0.0009823722993137168,179.9969561272652
393.9840960454915,-1.5753662652912714,250.80792215523988,90.0000269999355,-5.441572245118135e-05,180.000091563799
394.52370528221127,-1.6467637451178583,250.8076597422352,90.00002599994056,-5.2189471145054134e-05,180.00008809233375
395.04010338011466,-1.7722190388623986,250.802783227002,90.00002079841713,-0.00033526156988959515,180.00095819785477
395.17852213713473,-1.8262424243057083,250.8079510235589,90.00001599994388,-4.867258393187597e-05,180.000096622874
395.4362866192634,-1.9056952736961537,250.80309719897753,90.00001816325494,-0.0003234046134738786,180.00092728209725
395.63520018189797,-1.966568776760973,250.80771044070426,90.00001999994403,-4.931840819320906e-05,180.00009219921225
395.80731173919975,-2.0040984400824864,250.80431954153693,90.00002681340267,-0.0003130099331178033,180.0008805709205
395.8263120130407,-2.008629783533286,250.80891967754687,90.0000278493995,5.3679500476385987e-05,179.99977027241553
396.0471675087566,-2.1327914840653195,250.8084937680496,90.00000099995239,-4.294563494415344e-05,180.00010798459473
396.5872681137383,-2.461596185051088,250.80382708998883,90.00000423399274,-0.0002962274289015301,180.00087042977978
396.73806006270877,-2.5263094836795803,250.80807316777083,90.00001399994385,-4.839482464119624e-05,180.00009881265694
397.10881546348,-2.2459796138595896,250.80688048839627,90.00004799993648,-6.011038919783062e-05,180.0000707653954
397.509171533612,-2.4187388243769603,250.80775187207522,90.00001499998588,2.2629175268509842e-05,179.99992830583992
397.55720094748534,-2.715548657105669,250.80028680383637,89.99990700002964,4.7532320124154166e-05,180.00004018395285
397.57681059613856,-2.7538049468484873,250.8010444843915,89.9999070041515,9.45246142110672e-05,179.99990001217714
397.6425859965683,-3.036345883973731,250.80053973773119,89.99990800002757,4.690326303970549e-05,180.00003972510714
397.74005740730087,-3.1953396567192422,250.80295310658562,89.999913554156,6.466157383523643e-05,179.99996947959522
398.10065816176154,-3.6756590501515496,250.8004200228218,89.99994676134102,-0.00035710729804069483,180.00117765543519
398.2630583194276,-3.8556277366872878,250.80767056077002,89.99995700000494,-1.569595605460845e-05,180.0001138579698
398.4412973308975,-4.152499773239137,250.80369437796836,89.99993427538713,-0.00017879149263053267,180.0006407359963
398.5487342079105,-4.306566269366542,250.80588296010202,89.99992800004155,9.499401701781375e-06,180.00010119170778
398.7276658498994,-4.606081952876938,250.80119485111197,89.99993079130371,-0.0002670224038711977,180.00092511602853
398.7943261540766,-4.690744269760501,250.80553224289375,89.99993100003744,9.110128512809316e-06,180.0000958227833
398.9450371657609,-4.8356546220070085,250.80791354352044,89.99995500000615,-1.559585619779546e-05,180.00011604210275
398.9739414368228,-4.865353315503757,250.81274160850492,89.99995488475868,0.0003171988400291297,179.99912704715737
399.34133392147385,-5.169451741130455,250.80030500549088,89.99998533258795,-0.00048579903142883683,180.001469513102
399.4289361782521,-5.222869150989146,250.808054500425,90.00000399995302,-4.3155323553583e-05,180.00010366107412
399.51960748550584,-5.312525561491079,250.80779517320494,89.99994800001578,-1.1231948075558552e-05,180.0001177881925
399.6403644525218,-5.403446993709713,250.8083856698983,89.99997499997963,-2.9290079556049237e-05,180.00011568963464
399.69281718992306,-5.464163948385542,250.8068834006888,89.99993400003176,1.0714279415275296e-06,180.00010688710097
399.8203227499072,-5.56690089083204,250.81017126928384,89.99996878250609,0.00011501705958369563,179.99971708433662
399.87064244987977,-5.627049341443869,250.80665504435927,89.99994000002823,-2.157337108212522e-07,180.00010435494116
399.88373607945385,-5.708522553482113,250.801650306637,89.99990700003704,4.130646092187631e-05,180.00005290346454
399.7382877153207,-5.8469256005252,250.79466088572434,89.99993499995213,6.147094504284917e-05,179.99995526271178
399.751210656672,-6.128205660025074,250.79976666366804,89.99990700002014,5.080765441143685e-05,180.00003084773024
399.6226398963134,-6.4562636988903295,250.7969777984224,89.999918999982,5.917656909398247e-05,179.99999045359857
399.7478133175902,-6.725159091387262,250.80276908533307,89.9999099999654,6.585660588767891e-05,179.9999762567155
399.8728593377773,-7.065146857692912,250.8023863091553,89.9999132613745,5.3109791256555946e-05,180.00000707019927
400.18462317380494,-7.64747389790067,250.80471758042472,89.99992500004248,1.6475869007122325e-05,180.00008802582616
400.2842919565903,-8.436140073440606,250.79834933230526,89.99992004215115,4.795160371465709e-05,180.00001635114978
400.3422082247257,-9.329268382444512,250.79917443174833,89.99991600000989,4.911565437688402e-05,180.0000201408212
400.301074066085,-10.245410012477747,250.79687092052876,89.99993084378733,5.5447312573675296e-05,179.99998671199424
400.26052195727937,-10.773448262125571,250.796402052604,89.99992737544895,6.07022169442641e-05,179.99996963644756
400.0448479398213,-11.056848593865057,250.79322196545485,89.99994380693973,-2.6388397893231986e-05,180.00019939386922
399.9192944256813,-11.4249704585748,250.7968569047791,89.99991899998037,5.995108685327654e-05,179.9999892823806
399.88418090020167,-11.771353644510016,250.79684615874908,89.99991799998041,5.996057987388425e-05,179.99998933562154
399.7175817174317,-12.176561886175906,250.79572078988616,89.99992999996562,5.998925248687698e-05,179.99997137676408
399.65793582314365,-12.431999293426937,250.79641155517123,89.9999259999746,5.8550185640470234e-05,179.99998151042578
399.46909683855955,-12.793409819855166,250.79457822486418,89.99993700003193,2.584783916097159e-05,180.00005989013079
399.38039589670444,-13.117633960202356,250.79602014028168,89.99992564794103,5.501501360680705e-05,179.99999299785176
399.2057490112331,-13.290030678386383,250.79150670604267,89.99994364371396,-0.0001027694640778038,180.0004040391146
399.02431298152544,-13.370878834219358,250.7944630850409,89.99994599995205,5.835844717257528e-05,179.99994972782375
398.91728375881246,-13.426496531799842,250.79426962789236,89.99994199994742,6.126474423167453e-05,179.99994759168874
398.76690268358783,-13.53330027335513,250.79622566405945,89.99993341222914,0.0001791783040460203,179.99962729527886
398.5477263324094,-13.635338338722994,250.79388399004554,89.99995199994518,5.896984597668712e-05,179.99993936537925
398.28650405251346,-14.212951760022934,250.7943731166628,89.99993901359804,2.664628046789055e-05,180.0000487992724
397.78131590309647,-14.939889957739052,250.79022894436198,89.99994384752728,-0.00020063080723451836,180.0006635366856
397.31996737956473,-16.23892743790022,250.79596810698368,89.9999359992399,0.00018393438038007153,179.99962291986353
396.7563904225803,-16.912886114651034,250.79338724159362,89.99995399994026,6.070365140382912e-05,179.99993396919936
396.4452529577854,-17.252637194323054,250.79391385801563,89.99994999994514,6.021505187531003e-05,179.99994129610332
395.9743424360242,-17.52413175923319,250.7929431942613,89.99995599993535,6.201023267491446e-05,179.9999281339374
395.838434401537,-17.599263333657124,250.7922306865527,89.99995471184192,-2.4392645925503753e-06,180.00010230591403
395.6855572474539,-17.68785179317482,250.79342537272993,89.99995299994124,6.054584094507854e-05,179.99993508312085
395.39934118505107,-17.763077105007124,250.7896277851362,89.99995799881928,-0.00022723748690699745,180.00070014119697
395.25218959221314,-17.84162939490629,250.7938338208422,89.9999479999432,6.165287529597761e-05,179.99994086521397
395.042119849711,-17.9714691952693,250.79819770909606,89.9999509959489,0.00041876076788639196,179.99898443461754
394.7136085749232,-18.0656947897478,250.7938418499779,89.99995999969806,0.00011808863464574172,179.99977231208786
394.257723392932,-18.269245363625128,250.79401701802905,89.99995999941483,0.0001617348577174045,179.9996558021454
394.2449941724688,-18.26720229053992,250.7903935929351,89.99996239278741,-0.000216953383841444,180.00065646907404
393.8040923406512,-18.117617631888077,250.7870096780419,89.9999799962219,-0.0003990537557386786,180.0011177054973
393.0646950843762,-18.253406296323146,250.7928497782797,89.9999629999381,5.9301350600453685e-05,179.99992513111653
392.4878082867859,-18.394597723906994,250.79571773391785,89.99995299794551,0.00030059418683932656,179.99930313128425
391.97584299200986,-18.538151194624987,250.79357546221792,89.99995599994423,5.926393743813102e-05,179.99993693823936
391.67684104791596,-18.63697244201522,250.79267132618222,89.9999570000113,2.2661324712975037e-05,180.0000296672895
391.14420596442886,-18.863347913419208,250.7931107598821,89.99996499995498,5.240508171469927e-05,179.99994115544186
390.549206980474,-19.068872736158383,250.79294866529926,89.99996599995261,5.325838342601186e-05,179.99993830226944
390.35465333305865,-19.21263744487346,250.78642699274434,89.99994147471818,-0.0004886847780467518,180.00138467029169
389.9267579035389,-19.591670511278096,250.79438771527606,89.99994599995229,5.95463849628541e-05,179.99995114073252
389.8435323020351,-19.68641589649418,250.7954642291527,89.99994208583269,0.0001354488574180679,179.999760883695
389.79269834446455,-19.730081015138428,250.79445192246115,89.99994099995119,6.258171759223439e-05,179.9999544749671
389.71880149772693,-19.782590379228644,250.79479450754715,89.99993999995621,6.079028135100945e-05,179.99995915221257
389.70015594899445,-19.786921241451303,250.7897621759954,89.99994005187102,-0.0004216199481159571,180.0012011881651
389.2404837794928,-19.832869762239376,250.78644868352927,89.99996502570498,-0.0003973506676904978,180.00110960497415
388.9271894367349,-20.025011438374047,250.79547558884968,89.99995282697196,0.0002011139118052795,179.99957801736372
388.6234134545796,-20.272003407318056,250.7937411497297,89.99995000001931,2.0347506550930765e-05,180.00004617515876
388.2500383743485,-20.409584769900817,250.78773318324522,89.99995899571586,-0.0004384402348455073,180.0012123093833
387.7514606723966,-20.51027975808031,250.782526078132,89.99996370918579,-0.0006783084727175007,180.00181909882463
387.09993279131504,-20.727610326790842,250.79298168173648,89.99996299994079,5.910095792049237e-05,179.99992864121128
386.6944764353509,-21.20158244396245,250.79454448596843,89.99994498793957,9.959181418126856e-05,179.99985396453343
386.3770211985893,-21.25092723797211,250.80323168208608,89.99996148306643,0.0007785398051971214,179.99810775056324
385.9751630117073,-21.24560538741223,250.8046758224885,89.99996842513643,0.0009487144872257328,179.99766467587565
385.6252788413127,-21.318193078402594,250.79435323104045,89.99996299922059,0.00019009225010657577,179.99959926316654
385.3962701372826,-21.478373056849865,250.79349226403224,89.99994999994064,6.361998076220494e-05,179.99993959160125
385.14604585309013,-21.8396732053385,250.78773973398933,89.99994610235551,-0.0004179370657802935,180.00115719823617
384.95497929000874,-21.965478683167774,250.7933878641516,89.99995299994119,6.302395280163755e-05,179.99993897556718
384.6843407815423,-22.31753686667545,250.7939181709098,89.99995099994632,6.17993588259502e-05,179.99994499237008
384.61219225280394,-22.53194416382124,250.79485571148734,89.99993921687454,8.524218756285314e-05,179.9999002846143
384.5622406657807,-22.651602944072092,250.79501542592914,89.99993499995807,6.351813944291198e-05,179.99996510808123
384.38725336697,-22.684682433314396,250.79547262618118,89.9999504618186,0.00016062890106103666,179.99969786392532
384.03338576081075,-22.91588134488173,250.7961922698,89.9999553200554,0.0002763987485370109,179.99939973858048
383.91679175140933,-23.005482637500464,250.79337470399886,89.99995299994013,6.362236080997449e-05,179.99993828132125
383.7480259376128,-23.185329608836984,250.7969856750199,89.99994940507811,0.00032410954818585174,179.9992969813732
383.2970841176191,-23.4415078502054,250.7930439445759,89.99995899994029,6.152037713760525e-05,179.9999331850082
383.07210099542687,-23.591023418945635,250.79686072754532,89.99995299692854,0.0003791395882994511,179.99915763159905
383.05560143039526,-23.59446733328153,250.79215520083343,89.99995299991596,-7.191784585556606e-05,180.00027227177281
382.69819177954804,-23.737489915835482,250.78463823592827,89.999960082522,-0.0006774002685421452,180.00175150496213
382.3164970711819,-23.794548278797084,250.78628851580902,89.99996699504248,-0.00048133276416128596,180.0012599933643
381.5862638679578,-23.994716819303935,250.80726175682977,89.99996682322671,0.0011675572882510806,179.9972131488743
381.3004124808389,-24.060531337747793,250.79310920129427,89.9999589999363,6.363244243355391e-05,179.9999310809169
380.919926615549,-24.081970819307948,250.79421359318792,89.99996704937108,0.00013890455978738485,179.9997329608071
380.6005966309515,-24.09334588293077,250.79503200489782,89.99996200314239,0.00028792182277618167,179.99937455570898
380.50727047373715,-23.827566575753757,250.79709501104387,90.00008500004222,-3.06914379362642e-05,179.99993236099095
380.37273746219074,-23.841241413326255,250.7921796269945,89.9999589999061,-7.393874301545146e-05,180.00026664386243
379.8785026513957,-23.837863025680186,250.79247748242489,89.9999699999374,6.0062134690494376e-05,179.99992193887098
379.6019008612565,-24.14332252338388,250.79374329921467,89.99995499994718,6.08719144428407e-05,179.99994392317777
379.32284413339914,-23.973807826516378,250.7919500962702,89.9999919999485,5.06027075453065e-05,179.99990835194603
379.0358203827649,-24.263227196934913,250.79352446224095,89.99995399994516,6.168429175461233e-05,179.99994212903843
378.70812139417336,-24.400913243209562,250.79481414434125,89.99994399995825,6.0405231796168206e-05,179.99996110002579
378.1968105065317,-24.528237333969578,250.79905623504484,89.99995338416777,0.0004800307324223147,179.99892583410022
377.44168648987784,-24.498597399681074,250.7925190870392,89.99996999993782,6.016399981761326e-05,179.99992265738643
377.20507303992946,-24.285205427370098,250.79133282179288,90.00001299996251,4.215681564338499e-05,179.99989298690437
376.92975689893456,-24.378822068203704,250.79287841926745,89.9999599999391,6.250838288998491e-05,179.99993282335078
376.40194850144707,-24.43284483151586,250.79283080563437,89.99997099994421,5.724328548892312e-05,179.99992741070173
375.59516195723967,-24.492127312942255,250.80069323500885,89.99997083397854,0.0006420334359684388,179.99852543157002
375.21246889969774,-24.494264528413677,250.79467250399097,89.99996599852054,0.0002674002919627486,179.99943265615235
374.84544248257225,-24.524151959118047,250.7902452735488,89.99996474178847,-0.00014500836325270425,180.00042606370448
374.7408232945447,-24.591881309763178,250.79551834310487,89.99993699996644,6.0958136083575684e-05,179.99997346500587
374.57351610378896,-24.66451899231527,250.79343027263306,89.9999519999434,6.386520881184433e-05,179.99994326169616
374.5269406419447,-24.68407745534988,250.7913344775739,89.99995252407196,-0.00010493136683455586,180.00034524296464
374.2108975251909,-24.802880741117754,250.801027633553,89.99996295643344,0.0007217962519490302,179.99836088982153
374.2108975251909,-24.802880741117754,250.801027633553,89.99996295643344,0.0007217962519490302,179.99836088982153
373.8019862829477,-24.915406250016876,250.79394990347853,89.9999659993578,0.0001782916107338159,179.99965101669008
373.7798254710995,-24.919297180796104,250.78668786570884,89.99996599354954,-0.0005582262421609563,180.00140096461647
373.16405241033704,-24.988050351813495,250.80547544489602,89.99997094300501,0.0012612873960908472,179.9970737429511
373.12184899980303,-24.995589359683944,250.79244204910273,89.99997099995328,5.365522571948896e-05,179.99993724723066
372.6596265705735,-25.070787403813743,250.7990607028978,89.99996899040733,0.0006818951090465706,179.99845401851888
372.62109793617714,-25.077498067034327,250.78650012133065,89.99996899345086,-0.0005636909922389087,180.00140262471857
371.9769573716078,-25.095974680506846,250.79481839458862,89.9999729981921,0.00029717813761153414,179.9993604204044
371.93796560716663,-25.102789906725786,250.78227866021774,89.99997298291075,-0.0009108983883520697,180.0022144004799
371.359059178472,-25.245979676938344,250.79343910314438,89.99996999959173,0.00014339240626171855,179.99973077037473
371.337948405374,-25.24956249496591,250.7864347669612,89.9999699936577,-0.0005561794606377053,180.0013784634939
370.83040627052264,-25.328855470023743,250.80720377445098,89.99997095231045,0.001353134192985515,179.99688724859493
370.2019957670424,-25.34041849581433,250.8160613478819,89.99997368296165,0.0020033007360920744,179.99536454809345
370.1116860714016,-25.3509500009588,250.79266370082604,89.9999739999443,5.73880708460876e-05,179.99992663373234
369.8706862787781,-25.34595610584458,250.80510530065624,89.99997075537578,0.0010362842559461874,179.99763864043538
369.514586331892,-25.260962521321865,250.795681207583,89.99997650037582,0.0003986442616397839,179.99912466570217
369.2179286635499,-25.19043133620202,250.79064536959805,89.99997508126482,-8.011870215366782e-05,180.00024711121046
369.11961004989,-25.16933631748975,250.7923883791423,89.99997399994119,5.914017789254088e-05,179.99992522407305
368.9276746514929,-25.18756181899208,250.79028146787357,89.99996481925794,-0.00016448212482160027,180.000462797938
368.85426127653346,-25.19642393705738,250.79349895783852,89.99995899994808,6.023055267020285e-05,179.99994310289568
368.74865342271687,-25.245416002981578,250.79366384723573,89.99995199994669,6.366070549622917e-05,179.99994784336428
368.73952811201747,-25.247089705646555,250.7910293873794,89.9999520623204,-0.0001642130333038398,180.00047834299852
368.5417871134617,-25.269058844634912,250.78931786071513,89.99996254124491,-0.00022718307186601327,180.0006093676517
368.465900574674,-25.24956390080754,250.79251995518803,89.99997299994223,5.8820775638410856e-05,179.9999261979613
368.3915212091159,-25.24044137955884,250.79437345735462,89.99996623904626,0.00020179102531382804,179.9996007611829
368.11927859586814,-25.28628797152023,250.79304548334608,89.99996799994537,5.88544826699966e-05,179.99993383980495
367.73132362466635,-25.365763571903425,250.80290263195232,89.99996551471702,0.0007932152751372965,179.99822841961242
367.63989727702364,-25.39295654129239,250.79318412702085,89.99996499994614,5.955723862526519e-05,179.9999374385481
367.2955797639835,-25.475589942289865,250.79301886718713,89.9999679999463,5.8549707023115955e-05,179.99993484685942
366.48523407272876,-25.73362620744565,250.80681736739706,89.99996814082299,0.0011382005866276187,179.99743962687901
365.6843515355311,-25.894483125182504,250.7925539384303,89.99997199994279,5.929724917470218e-05,179.99992872001582
364.4191821839982,-25.879467724110373,250.79263036584342,89.99997499994507,5.756523649828029e-05,179.99992800525385
363.8585687058739,-25.937435818646364,250.79301719277174,89.99997299979103,0.00010544249435200379,179.9998232690592
363.32954118729947,-26.051847080424597,250.79775499030305,89.999970993319,0.0005796779479730244,179.99874339646453
362.90274662245133,-26.019375034278593,250.79111063423386,89.99997399986331,-8.627612043510961e-05,180.00025804902742
362.6139693665511,-26.054664405482324,250.78891792628787,89.99996790723092,-0.0002569630611343117,180.00066368102298
362.4281523335673,-26.168089252668217,250.79792293388402,89.99996014649658,0.0004134778129254702,179.9991453849
362.4032394972015,-26.162993952360544,250.79471544727687,90.00007300001666,-3.3518184245503314e-05,179.99996625260115
362.39832177779067,-26.146250493411166,250.79646543881518,90.00005778163828,-2.9422567050289432e-05,179.99997978462378
362.4057221441253,-26.12880811940224,250.79986708311574,90.00008200001888,-4.6384256276060325e-05,179.99996700657087
362.38087882671886,-26.059421246077402,250.79760298225256,90.00008000003436,-3.111683874382759e-05,179.99994154709523
362.33988544938194,-25.989263646784313,250.79311973235474,90.00003599999995,1.0837498532245389e-05,179.9999479658912
362.3148733484569,-25.990402284850948,250.7941536160984,89.99996699994635,5.8499352448118484e-05,179.99993394831063
362.31336526103087,-25.98867847710542,250.7948112763083,89.9999719999795,3.607324740040229e-05,179.99996014123852
362.09751323523454,-26.01823725982128,250.79375401615783,89.99996499954126,0.00015564827537564087,179.99972490969398
361.78793751000353,-26.178033051201513,250.77709308860307,89.99996128259055,-0.0013651681155589963,180.00317623641286
361.2672225124734,-26.20567807467924,250.7860951283543,89.99997399301944,-0.000594694805008006,180.00141005594472
360.6223985136679,-26.573414448604744,250.79279353882717,89.99996999994634,5.8734451805060456e-05,179.9999341572776
359.60910307749964,-26.721862146762938,250.79102204751808,89.99997346986291,-8.371295655630441e-05,180.00024942802463
358.2491325865966,-26.58899278498256,250.8075305540169,89.99997789239121,0.0015061752811138108,179.9966866798526
357.64284479468677,-26.526187168627537,250.7955013431013,89.9999779987007,0.00025916036845135784,179.99947729425136
357.02819062320424,-26.46528767708876,250.76942794179553,89.9999778426386,-0.0019477225767385498,180.00440155782127
355.9005733010468,-26.40714383093971,250.82081951158042,89.99997506212232,0.0024543020985613147,179.994605077288
355.40971209571507,-26.394825225207505,250.77986838006038,89.99997629748637,-0.0009382009183013241,180.00214278161687
354.8866240957902,-26.364537394205982,250.780528592376,89.99997797695681,-0.0010916651938472867,180.00247707804832
354.0544250860844,-26.655650812719177,250.79261632262512,89.99997399994545,5.918717193717773e-05,179.9999324065196
351.99727864731966,-26.746762946715826,250.8535459964084,89.99997700355898,0.004924585880576741,179.98927570518413
351.3181797662417,-26.721520057758706,250.7387576900476,89.99997790306483,-0.004309357743279384,180.00947312603967
350.4876328794523,-26.614052977447837,250.7921128929217,89.99997900000707,1.2292524303682755e-05,180.000028372657
349.08889086298245,-26.56596077356661,250.73442257200907,89.9999783331786,-0.004765072803053928,180.01040226223134
348.19667011663813,-26.686502766592866,250.80305328080084,89.9999769787503,0.0010613062163694073,179.99776133549813
347.4317661635005,-26.626858137960326,250.8168835650177,89.99997750097371,0.0019551029482298434,179.99583740874667
346.8231333253853,-26.592014420573125,250.7724732438225,89.9999779298039,-0.0017828857578989442,180.00389848589222
345.88682009523984,-26.536723736549064,250.79231000270642,89.99997699994454,5.979955185404282e-05,179.99993076840664
345.4722495035808,-26.555365851040854,250.8063076282619,89.9999763876883,0.0011616549635448815,179.99756856546756
345.1609955698886,-26.572193748195986,250.79243499216085,89.99997599994535,5.9932124989559794e-05,179.9999330661492
344.71250223877547,-26.51893925281734,250.79266814262513,89.99997699995023,5.687944636775412e-05,179.99993496363666
344.54217003114735,-26.548835739404026,250.78586666311188,89.99997537917822,-0.0004930134417856884,180.00111526352956
344.3202289713376,-26.588183105165463,250.79260555407973,89.99997299994709,6.012421633351523e-05,179.99993760546062
344.0774881384402,-26.696380263986956,250.79300341038658,89.99996699994907,6.0756612997448136e-05,179.99994344353323
343.7503533911514,-26.683296593498838,250.79201348299256,89.9999740000091,1.5235978085887622e-05,180.00003108557775
343.39678944428357,-26.699241059195728,250.80012557092462,89.99997398943424,0.0007548203534783753,179.99845741986442
343.37812879853055,-26.701059131829485,250.79251063481794,89.99997399995905,5.4130731487268434e-05,179.9999484641873
343.0056718655944,-26.809759540358332,250.8092703926449,89.9999719679186,0.0015250596533054382,179.9968289753259
342.56262333811765,-26.957470889585593,250.79536688780559,89.99997099813949,0.0003186137258650786,179.99939321928062
342.5466780636969,-26.958964787828325,250.7887575241543,89.99997100117025,-0.00029904628006991883,180.00070039240632
342.28088851628263,-26.96128102381498,250.78071210247444,89.99997398015437,-0.0010371615464364965,180.00225782233744
341.3098006670735,-27.0995032020792,250.8009770385341,89.99997598729833,0.0008316848185562678,179.9983095371963
341.28605874666545,-27.101647973918187,250.79103786713475,89.99997599984549,-9.530086321122536e-05,180.00026249511336
341.0576582594906,-27.170107357555434,250.7930199106398,89.99996899995091,5.9725629049448864e-05,179.99994424294417
340.94741589815914,-27.182296522446286,250.76856071422438,89.99996967574734,-0.0019864043407045884,180.0042437977196
340.5487220592329,-27.218442096604544,250.7742068343567,89.99997407841869,-0.0015670013866739792,180.00335133524595
340.0881088561715,-27.161932883538228,250.78476315755094,89.99997605118497,-0.0006416879829547816,180.00140529040087
339.72494257380595,-27.085429890248854,250.79368278304713,89.99997799950901,0.00016579208125170656,179.99971092209756
339.3266448728773,-27.048944601081214,250.79401650063582,89.99997599920952,0.00020962975983143057,179.99962139435675
339.0837735828379,-26.961331392410116,250.78858472507136,89.99998199824189,-0.00031105486819946513,180.00070387700296
338.7644462100319,-26.99393318016611,250.7887713191943,89.99997401077587,-0.0003069152155155667,180.00070540093995
338.493365466354,-26.962136523745674,250.78543220661115,89.99997605857297,-0.0006019605748342878,180.00131656478703
338.1521139777141,-26.78955023917708,250.79187734034065,90.00001499997055,4.0132458096636004e-05,179.9999138873667
337.7466081026797,-26.70829535999341,250.79256317406785,89.99997699994904,5.8892423398383436e-05,179.99993728576237
337.5570085098768,-26.790532798819065,250.7932350329226,89.99996799995196,5.996605366189818e-05,179.99994669828922
337.20394406747886,-26.83009179265108,250.7925471987971,89.9999739999471,6.0759716035802494e-05,179.99993822414007
336.73896132925586,-26.7375712202865,250.80471449378905,89.99997928357334,0.0011098304453152688,179.99774994130476
336.69871123545676,-26.7264311007741,250.79238692000945,89.99997999994925,5.8046995556676234e-05,179.99993471181898
336.31175061482554,-26.956008543817585,250.79290485968903,89.99997099995,6.048576165899068e-05,179.99994369305028
336.09502794114593,-26.916205222825678,250.80850404712922,89.99997523657436,0.0013823997644220453,179.99719862755325
336.00807912484225,-26.90472929524109,250.79263762759484,89.99997699995183,5.730340029513837e-05,179.99993883366733
335.74059977541907,-26.867368708724992,250.80702794433685,89.99997606893616,0.0013335705632786996,179.99730147170382
335.6996490510464,-26.86679538214102,250.79190314436445,89.99997600000948,1.3892780319111074e-05,180.00003300115097
335.3269787653259,-26.805565780513255,250.81609784098535,89.99997763284361,0.0020919040283169615,179.99573447017596
335.11476909422294,-26.86484694963392,250.78664705578035,89.99996400729792,-0.0005194716604417824,180.00115123796883
334.8613075421534,-26.910918317631737,250.7923260429477,89.99996900001388,1.617654125991687e-05,180.000040815527
334.69997661910736,-27.00193738036558,250.78642178191663,89.99996595803654,-0.0005337865651273735,180.0011748213933
334.27788332976644,-27.016918600591797,250.79254455305895,89.99997499994709,6.104275817517145e-05,179.99993850380815
334.0669235444674,-27.023862301841113,250.79289890090035,89.9999739999527,5.843636316918788e-05,179.99994391799382
333.68266033731675,-27.20799549475116,250.79333339010944,89.99996999986067,9.37071970267239e-05,179.9998793139529
333.28626493706054,-27.165536704029538,250.79253800168843,89.99997899995091,5.8020199948113944e-05,179.99993819663166
333.1044586383189,-27.094777352982444,250.8016749785202,89.99998063372374,0.0008771134361683682,179.99826021282905
333.0801217021549,-27.088044521675954,250.79183613108103,89.99998100000778,1.1902184158849327e-05,180.00003104426096
332.85449541839887,-27.076549033210586,250.7928366288112,89.99997499992209,7.155682635208128e-05,179.99991695028385
332.728089508976,-27.032977869819778,250.7922869332334,89.99997899994818,5.936969159163866e-05,179.99993552245965
332.5514454077386,-26.962901105298442,250.7904948362893,89.99998099983796,-9.828365105922696e-05,180.00025806053236
332.3344751080671,-26.99760393876314,250.79349028799786,89.99997517340775,0.00011330244922929258,179.9998308944209
332.27857975947154,-26.97611828772317,250.79247156345076,89.99998099995197,5.6717938237826894e-05,179.99993646988582
332.27857975947154,-26.97611828772317,250.79247156345076,89.99998099995197,5.6717938237826894e-05,179.99993646988582
332.16893997887115,-26.896203938973652,250.79386794101487,90.00003343306356,0.00020759765815460117,179.999558934646
332.1556024576215,-26.890545323238324,250.78806268454738,90.00002938761548,-0.0003069729894222431,180.00060987412795
332.0520790797926,-26.86430812327915,250.79275634732218,89.99997699995268,5.765301205477508e-05,179.99994138148634
331.9387939850786,-26.85324783220367,250.79882408894355,89.99997637378237,0.0005636675496995585,179.99890964860282
331.8670382221823,-26.847884741020888,250.792850536667,89.99997599995267,5.812366544574664e-05,179.99994273186326
331.7185455220107,-26.817882419056282,250.79357179591094,89.99997699973498,0.00012476577868039812,179.99980474273812
331.5358612139933,-26.791034035525833,250.79264614818513,89.99997599995086,5.902165486316697e-05,179.99994095388067
331.3983202459993,-26.790579680996565,250.80073817336074,89.9999746773283,0.0007417181820658043,179.99855194833958
331.1406032616029,-26.843447583442412,250.79990584237234,89.99996999230065,0.0006678893329249876,179.99870962932332
331.1205199341036,-26.845087094442306,250.79128994042182,89.99996999984457,-9.848500259709901e-05,180.00027026493467
330.83080772276963,-26.889779766016318,250.7816170518146,89.99997398450382,-0.0009350683884664709,180.00196707897243
330.56598904040226,-27.04829346389343,250.7930497998011,89.99997199995242,5.981959925241742e-05,179.9999464761474
330.5212715644559,-27.043342048292878,250.77521685877306,89.99997284508285,-0.0015049697249811449,180.00311823081114
330.1240556968527,-26.933911421305293,250.767148615801,89.9999793449848,-0.002162259026859893,180.00444061656864
329.6933580114031,-26.739524307790635,250.7941809452188,89.99998092678949,0.0002213409317070088,179.9996060612954
329.0937158953807,-26.667754552170706,250.79265020542363,89.99997899995178,5.831034447288607e-05,179.99994069651194
328.7459855497838,-26.608523817046812,250.81883683632273,89.99997890818221,0.0022814065745518286,179.995444797019
328.5942912989704,-26.58951711150993,250.7927317043993,89.99997899995361,5.699982259127873e-05,179.99994117806338
328.0202480826642,-26.45701390833675,250.79019135265202,89.99997811191844,-0.00014732263250183207,180.0003558432328
327.82564669684257,-26.475183212604986,250.79266048675086,89.99997599995085,5.973348952004936e-05,179.999942555155
327.6663590516875,-26.46787285282279,250.79586155711664,89.99997599805265,0.0003338768742392721,179.99938994948207
327.5279052742447,-26.462329966894163,250.79256200434847,89.99997599994994,6.020076597625477e-05,179.9999416830405
327.3017646377885,-26.41828753793582,250.80800368499368,89.99997662163021,0.001382293451011807,179.9972777529213
327.18392416207354,-26.399431861550568,250.7924699542801,89.99997699994991,5.976846717827366e-05,179.9999403616711
326.9462365204326,-26.39003485971729,250.8094644929027,89.99997607438702,0.001519710744591281,179.99700501219777
326.8955596704706,-26.39114705859499,250.79257242203272,89.9999759999627,5.38612936493592e-05,179.99995456058215
326.59749936167583,-26.374158063490782,250.8033773917026,89.9999759821216,0.0010101205088434194,179.9980331124613
326.57333794092955,-26.375152894642625,250.79251707514467,89.9999759999626,5.3997362606119737e-05,179.99995464157735
326.37733201959367,-26.407486441148837,250.7829507668621,89.99997198839924,-0.0008143728148735712,180.00170360708242
326.2153976116119,-26.450855026091187,250.79317979904363,89.99997199995568,5.853055562098157e-05,179.99994984848814
326.1127984572135,-26.483440555377065,250.7950905065321,89.99997143415099,0.0002317236231778131,179.99960511330974
326.023612393496,-26.510391562048543,250.7929775713459,89.9999709999522,6.123620922498392e-05,179.999948979153
325.6909518545137,-26.643725964492603,250.79292294530296,89.99997399995293,5.994007167543527e-05,179.99994724407355
325.43445415649677,-26.835344279497434,250.7930962939191,89.9999699999532,6.088107192225458e-05,179.99994998505082
325.22053668555424,-26.83606928724778,250.8027891551749,89.99997423174104,0.0009030601583552433,179.99826584021693
324.98439113660174,-26.894408476429618,250.79367359438785,89.99997206486854,0.00011075914001501812,179.9998465831299
324.90395241168517,-26.944128895661223,250.79327288694668,89.99996799995529,6.0482006157335493e-05,179.99995318198086
324.3685456149694,-27.15256652833483,250.7930130973843,89.9999739999556,5.832871917451817e-05,179.99994878710626
324.3406498356403,-27.150348847725212,250.78945763387438,89.99997366140042,-0.00024278685269568524,180.00054719203493
324.09235454359657,-27.110415909048818,250.79283291206704,89.99997699995228,5.908698669499456e-05,179.99994309209868
324.0753003725139,-27.109036192198726,250.7850414878356,89.99997715076849,-0.0006281220234512046,180.00130313443688
323.8820274525406,-27.058708045761122,250.79280161444024,89.99997899995451,5.747782721074545e-05,179.99994389029206
323.8781793693533,-27.058885384204526,250.79097050153908,89.99997899982338,-0.00010440467655350967,180.00026543993954
323.69184974663267,-27.061603622517268,250.79269893428057,89.99997399995104,6.106397050895187e-05,179.99994571195833
323.48055994768225,-27.100768629093494,250.7931224248265,89.9999739999556,5.838889664802833e-05,179.99994885572522
323.48055994768225,-27.100768629093494,250.7931224248265,89.9999739999556,5.838889664802833e-05,179.99994885572522
323.2398297679299,-27.169839900152972,250.7855750756287,89.99997199416332,-0.0005830489296068176,180.00121942404343
322.8935931482684,-27.228581668364676,250.80588753729705,89.99997511519959,0.0011788642792282778,179.99774217957636
322.79482969680885,-27.231337584563512,250.79297082287096,89.99997699995632,5.713112380860538e-05,179.99994714137105
322.4981062640494,-27.250616975196124,250.79294074319074,89.99997599995551,5.8049191186471195e-05,179.99994762355988
322.27222688273247,-27.25947141082496,250.79269291444677,89.99997399995107,6.121173912437499e-05,179.99994587862747
322.1242907839828,-27.203690053727257,250.79276725539214,89.99998099675514,8.615520641250944e-05,179.99988669431
322.12349791614946,-27.203721699405804,250.7923849499441,89.99998099996408,5.210960006145404e-05,179.99995284211772
321.89226814379424,-27.14571348222498,250.78306222283481,89.99997836590705,-0.0007807989463489116,180.0015911634161
321.764122022225,-27.12931601077069,250.79293526224083,89.99997699995633,5.7197494352517494e-05,179.99994721319672
321.687820391814,-27.157646391848573,250.79429783303786,89.99996599976267,0.00012225608388947263,179.99983506338089
321.66196478439736,-27.159047656777524,250.78568081333418,89.99996662972796,-0.000626022481018683,180.00130242706274
321.5055532679169,-27.133594398278685,250.79688369109792,89.99998173630257,0.00043770493327726696,179.99919463855363
321.4638934947133,-27.101579337633087,250.78747655920785,89.99999166664067,-0.00037058247513470046,180.00075942241128
321.4087459954586,-27.04891259054479,250.7918976801483,90.00000699996652,4.44276811422553e-05,179.9999238739138
321.3776948551479,-27.033395940669383,250.7924099371509,89.99998799995642,5.4156956867273345e-05,179.99993781459997
321.42400177463713,-26.84310618187348,250.8004248032068,90.0000466616885,-2.9934269921695633e-05,180.00000646001646
321.4453439376496,-26.783457800660358,250.80485068621644,90.00005399997049,-6.407880304101546e-05,180.0000178859371
